{"raceId":"1101","driverId":"844","lap":"1","position":"1","time":"1:50.109","milliseconds":"110109"}
{"raceId":"1101","driverId":"844","lap":"2","position":"1","time":"1:47.656","milliseconds":"107656"}
{"raceId":"1101","driverId":"844","lap":"3","position":"2","time":"1:48.151","milliseconds":"108151"}
{"raceId":"1101","driverId":"844","lap":"4","position":"2","time":"1:47.966","milliseconds":"107966"}
{"raceId":"1101","driverId":"844","lap":"5","position":"2","time":"1:47.757","milliseconds":"107757"}
{"raceId":"1101","driverId":"844","lap":"6","position":"3","time":"1:48.067","milliseconds":"108067"}
{"raceId":"1101","driverId":"844","lap":"7","position":"3","time":"1:47.157","milliseconds":"107157"}
{"raceId":"1101","driverId":"844","lap":"8","position":"3","time":"1:47.707","milliseconds":"107707"}
{"raceId":"1101","driverId":"844","lap":"9","position":"3","time":"1:47.421","milliseconds":"107421"}
{"raceId":"1101","driverId":"844","lap":"10","position":"2","time":"1:47.034","milliseconds":"107034"}
{"raceId":"1101","driverId":"844","lap":"11","position":"2","time":"2:24.960","milliseconds":"144960"}
{"raceId":"1101","driverId":"844","lap":"12","position":"2","time":"2:51.576","milliseconds":"171576"}
{"raceId":"1101","driverId":"844","lap":"13","position":"2","time":"2:45.227","milliseconds":"165227"}
{"raceId":"1101","driverId":"844","lap":"14","position":"3","time":"1:48.511","milliseconds":"108511"}
{"raceId":"1101","driverId":"844","lap":"15","position":"3","time":"1:46.741","milliseconds":"106741"}
{"raceId":"1101","driverId":"844","lap":"16","position":"3","time":"1:46.345","milliseconds":"106345"}
{"raceId":"1101","driverId":"844","lap":"17","position":"3","time":"1:46.392","milliseconds":"106392"}
{"raceId":"1101","driverId":"844","lap":"18","position":"3","time":"1:46.727","milliseconds":"106727"}
{"raceId":"1101","driverId":"844","lap":"19","position":"3","time":"1:46.688","milliseconds":"106688"}
{"raceId":"1101","driverId":"844","lap":"20","position":"3","time":"1:46.752","milliseconds":"106752"}
{"raceId":"1101","driverId":"844","lap":"21","position":"3","time":"1:46.697","milliseconds":"106697"}
{"raceId":"1101","driverId":"844","lap":"22","position":"3","time":"1:46.481","milliseconds":"106481"}
{"raceId":"1101","driverId":"844","lap":"23","position":"3","time":"1:46.554","milliseconds":"106554"}
{"raceId":"1101","driverId":"844","lap":"24","position":"3","time":"1:46.510","milliseconds":"106510"}
{"raceId":"1101","driverId":"844","lap":"25","position":"3","time":"1:46.430","milliseconds":"106430"}
{"raceId":"1101","driverId":"844","lap":"26","position":"3","time":"1:46.711","milliseconds":"106711"}
{"raceId":"1101","driverId":"844","lap":"27","position":"3","time":"1:46.399","milliseconds":"106399"}
{"raceId":"1101","driverId":"844","lap":"28","position":"3","time":"1:45.874","milliseconds":"105874"}
{"raceId":"1101","driverId":"844","lap":"29","position":"3","time":"1:45.938","milliseconds":"105938"}
{"raceId":"1101","driverId":"844","lap":"30","position":"3","time":"1:46.375","milliseconds":"106375"}
{"raceId":"1101","driverId":"844","lap":"31","position":"3","time":"1:46.018","milliseconds":"106018"}
{"raceId":"1101","driverId":"844","lap":"32","position":"3","time":"1:45.627","milliseconds":"105627"}
{"raceId":"1101","driverId":"844","lap":"33","position":"3","time":"1:45.726","milliseconds":"105726"}
{"raceId":"1101","driverId":"844","lap":"34","position":"3","time":"1:45.873","milliseconds":"105873"}
{"raceId":"1101","driverId":"844","lap":"35","position":"3","time":"1:45.589","milliseconds":"105589"}
{"raceId":"1101","driverId":"844","lap":"36","position":"3","time":"1:45.446","milliseconds":"105446"}
{"raceId":"1101","driverId":"844","lap":"37","position":"3","time":"1:45.332","milliseconds":"105332"}
{"raceId":"1101","driverId":"844","lap":"38","position":"3","time":"1:45.266","milliseconds":"105266"}
{"raceId":"1101","driverId":"844","lap":"39","position":"3","time":"1:45.265","milliseconds":"105265"}
{"raceId":"1101","driverId":"844","lap":"40","position":"3","time":"1:45.363","milliseconds":"105363"}
{"raceId":"1101","driverId":"844","lap":"41","position":"3","time":"1:45.383","milliseconds":"105383"}
{"raceId":"1101","driverId":"844","lap":"42","position":"3","time":"1:45.006","milliseconds":"105006"}
{"raceId":"1101","driverId":"844","lap":"43","position":"3","time":"1:44.670","milliseconds":"104670"}
{"raceId":"1101","driverId":"844","lap":"44","position":"3","time":"1:45.323","milliseconds":"105323"}
{"raceId":"1101","driverId":"844","lap":"45","position":"3","time":"1:44.886","milliseconds":"104886"}
{"raceId":"1101","driverId":"844","lap":"46","position":"3","time":"1:44.927","milliseconds":"104927"}
{"raceId":"1101","driverId":"844","lap":"47","position":"3","time":"1:45.048","milliseconds":"105048"}
{"raceId":"1101","driverId":"844","lap":"48","position":"3","time":"1:45.045","milliseconds":"105045"}
{"raceId":"1101","driverId":"844","lap":"49","position":"3","time":"1:44.561","milliseconds":"104561"}
{"raceId":"1101","driverId":"844","lap":"50","position":"3","time":"1:44.977","milliseconds":"104977"}
{"raceId":"1101","driverId":"844","lap":"51","position":"3","time":"1:45.409","milliseconds":"105409"}
{"raceId":"1101","driverId":"830","lap":"1","position":"2","time":"1:50.456","milliseconds":"110456"}
{"raceId":"1101","driverId":"830","lap":"2","position":"2","time":"1:47.707","milliseconds":"107707"}
{"raceId":"1101","driverId":"830","lap":"3","position":"1","time":"1:47.677","milliseconds":"107677"}
{"raceId":"1101","driverId":"830","lap":"4","position":"1","time":"1:47.108","milliseconds":"107108"}
{"raceId":"1101","driverId":"830","lap":"5","position":"1","time":"1:47.476","milliseconds":"107476"}
{"raceId":"1101","driverId":"830","lap":"6","position":"1","time":"1:47.202","milliseconds":"107202"}
{"raceId":"1101","driverId":"830","lap":"7","position":"1","time":"1:46.995","milliseconds":"106995"}
{"raceId":"1101","driverId":"830","lap":"8","position":"1","time":"1:46.801","milliseconds":"106801"}
{"raceId":"1101","driverId":"830","lap":"9","position":"1","time":"1:46.944","milliseconds":"106944"}
{"raceId":"1101","driverId":"830","lap":"10","position":"3","time":"1:50.778","milliseconds":"110778"}
{"raceId":"1101","driverId":"830","lap":"11","position":"7","time":"2:43.358","milliseconds":"163358"}
{"raceId":"1101","driverId":"830","lap":"12","position":"3","time":"2:34.253","milliseconds":"154253"}
{"raceId":"1101","driverId":"830","lap":"13","position":"3","time":"2:44.223","milliseconds":"164223"}
{"raceId":"1101","driverId":"830","lap":"14","position":"2","time":"1:46.936","milliseconds":"106936"}
{"raceId":"1101","driverId":"830","lap":"15","position":"2","time":"1:45.687","milliseconds":"105687"}
{"raceId":"1101","driverId":"830","lap":"16","position":"2","time":"1:45.497","milliseconds":"105497"}
{"raceId":"1101","driverId":"830","lap":"17","position":"2","time":"1:45.498","milliseconds":"105498"}
{"raceId":"1101","driverId":"830","lap":"18","position":"2","time":"1:45.425","milliseconds":"105425"}
{"raceId":"1101","driverId":"830","lap":"19","position":"2","time":"1:45.660","milliseconds":"105660"}
{"raceId":"1101","driverId":"830","lap":"20","position":"2","time":"1:45.446","milliseconds":"105446"}
{"raceId":"1101","driverId":"830","lap":"21","position":"2","time":"1:45.793","milliseconds":"105793"}
{"raceId":"1101","driverId":"830","lap":"22","position":"2","time":"1:45.670","milliseconds":"105670"}
{"raceId":"1101","driverId":"830","lap":"23","position":"2","time":"1:45.902","milliseconds":"105902"}
{"raceId":"1101","driverId":"830","lap":"24","position":"2","time":"1:45.738","milliseconds":"105738"}
{"raceId":"1101","driverId":"830","lap":"25","position":"2","time":"1:45.657","milliseconds":"105657"}
{"raceId":"1101","driverId":"830","lap":"26","position":"2","time":"1:45.855","milliseconds":"105855"}
{"raceId":"1101","driverId":"830","lap":"27","position":"2","time":"1:45.625","milliseconds":"105625"}
{"raceId":"1101","driverId":"830","lap":"28","position":"2","time":"1:45.694","milliseconds":"105694"}
{"raceId":"1101","driverId":"830","lap":"29","position":"2","time":"1:46.365","milliseconds":"106365"}
{"raceId":"1101","driverId":"830","lap":"30","position":"2","time":"1:45.575","milliseconds":"105575"}
{"raceId":"1101","driverId":"830","lap":"31","position":"2","time":"1:45.348","milliseconds":"105348"}
{"raceId":"1101","driverId":"830","lap":"32","position":"2","time":"1:45.354","milliseconds":"105354"}
{"raceId":"1101","driverId":"830","lap":"33","position":"2","time":"1:45.343","milliseconds":"105343"}
{"raceId":"1101","driverId":"830","lap":"34","position":"2","time":"1:45.218","milliseconds":"105218"}
{"raceId":"1101","driverId":"830","lap":"35","position":"2","time":"1:45.121","milliseconds":"105121"}
{"raceId":"1101","driverId":"830","lap":"36","position":"2","time":"1:45.050","milliseconds":"105050"}
{"raceId":"1101","driverId":"830","lap":"37","position":"2","time":"1:45.319","milliseconds":"105319"}
{"raceId":"1101","driverId":"830","lap":"38","position":"2","time":"1:45.474","milliseconds":"105474"}
{"raceId":"1101","driverId":"830","lap":"39","position":"2","time":"1:45.150","milliseconds":"105150"}
{"raceId":"1101","driverId":"830","lap":"40","position":"2","time":"1:45.418","milliseconds":"105418"}
{"raceId":"1101","driverId":"830","lap":"41","position":"2","time":"1:45.123","milliseconds":"105123"}
{"raceId":"1101","driverId":"830","lap":"42","position":"2","time":"1:45.150","milliseconds":"105150"}
{"raceId":"1101","driverId":"830","lap":"43","position":"2","time":"1:44.843","milliseconds":"104843"}
{"raceId":"1101","driverId":"830","lap":"44","position":"2","time":"1:45.275","milliseconds":"105275"}
{"raceId":"1101","driverId":"830","lap":"45","position":"2","time":"1:45.140","milliseconds":"105140"}
{"raceId":"1101","driverId":"830","lap":"46","position":"2","time":"1:44.686","milliseconds":"104686"}
{"raceId":"1101","driverId":"830","lap":"47","position":"2","time":"1:44.734","milliseconds":"104734"}
{"raceId":"1101","driverId":"830","lap":"48","position":"2","time":"1:44.566","milliseconds":"104566"}
{"raceId":"1101","driverId":"830","lap":"49","position":"2","time":"1:44.474","milliseconds":"104474"}
{"raceId":"1101","driverId":"830","lap":"50","position":"2","time":"1:44.554","milliseconds":"104554"}
{"raceId":"1101","driverId":"830","lap":"51","position":"2","time":"1:44.232","milliseconds":"104232"}
{"raceId":"1101","driverId":"815","lap":"1","position":"3","time":"1:51.373","milliseconds":"111373"}
{"raceId":"1101","driverId":"815","lap":"2","position":"3","time":"1:47.717","milliseconds":"107717"}
{"raceId":"1101","driverId":"815","lap":"3","position":"3","time":"1:47.657","milliseconds":"107657"}
{"raceId":"1101","driverId":"815","lap":"4","position":"3","time":"1:47.404","milliseconds":"107404"}
{"raceId":"1101","driverId":"815","lap":"5","position":"3","time":"1:47.615","milliseconds":"107615"}
{"raceId":"1101","driverId":"815","lap":"6","position":"2","time":"1:47.073","milliseconds":"107073"}
{"raceId":"1101","driverId":"815","lap":"7","position":"2","time":"1:46.885","milliseconds":"106885"}
{"raceId":"1101","driverId":"815","lap":"8","position":"2","time":"1:46.807","milliseconds":"106807"}
{"raceId":"1101","driverId":"815","lap":"9","position":"2","time":"1:46.448","milliseconds":"106448"}
{"raceId":"1101","driverId":"815","lap":"10","position":"1","time":"1:46.905","milliseconds":"106905"}
{"raceId":"1101","driverId":"815","lap":"11","position":"1","time":"2:22.994","milliseconds":"142994"}
{"raceId":"1101","driverId":"815","lap":"12","position":"1","time":"2:55.295","milliseconds":"175295"}
{"raceId":"1101","driverId":"815","lap":"13","position":"1","time":"2:46.441","milliseconds":"166441"}
{"raceId":"1101","driverId":"815","lap":"14","position":"1","time":"1:45.798","milliseconds":"105798"}
{"raceId":"1101","driverId":"815","lap":"15","position":"1","time":"1:45.803","milliseconds":"105803"}
{"raceId":"1101","driverId":"815","lap":"16","position":"1","time":"1:45.518","milliseconds":"105518"}
{"raceId":"1101","driverId":"815","lap":"17","position":"1","time":"1:45.523","milliseconds":"105523"}
{"raceId":"1101","driverId":"815","lap":"18","position":"1","time":"1:45.504","milliseconds":"105504"}
{"raceId":"1101","driverId":"815","lap":"19","position":"1","time":"1:45.471","milliseconds":"105471"}
{"raceId":"1101","driverId":"815","lap":"20","position":"1","time":"1:45.677","milliseconds":"105677"}
{"raceId":"1101","driverId":"815","lap":"21","position":"1","time":"1:45.838","milliseconds":"105838"}
{"raceId":"1101","driverId":"815","lap":"22","position":"1","time":"1:45.695","milliseconds":"105695"}
{"raceId":"1101","driverId":"815","lap":"23","position":"1","time":"1:45.779","milliseconds":"105779"}
{"raceId":"1101","driverId":"815","lap":"24","position":"1","time":"1:45.734","milliseconds":"105734"}
{"raceId":"1101","driverId":"815","lap":"25","position":"1","time":"1:45.666","milliseconds":"105666"}
{"raceId":"1101","driverId":"815","lap":"26","position":"1","time":"1:45.732","milliseconds":"105732"}
{"raceId":"1101","driverId":"815","lap":"27","position":"1","time":"1:45.521","milliseconds":"105521"}
{"raceId":"1101","driverId":"815","lap":"28","position":"1","time":"1:45.538","milliseconds":"105538"}
{"raceId":"1101","driverId":"815","lap":"29","position":"1","time":"1:45.745","milliseconds":"105745"}
{"raceId":"1101","driverId":"815","lap":"30","position":"1","time":"1:45.394","milliseconds":"105394"}
{"raceId":"1101","driverId":"815","lap":"31","position":"1","time":"1:45.485","milliseconds":"105485"}
{"raceId":"1101","driverId":"815","lap":"32","position":"1","time":"1:45.311","milliseconds":"105311"}
{"raceId":"1101","driverId":"815","lap":"33","position":"1","time":"1:45.395","milliseconds":"105395"}
{"raceId":"1101","driverId":"815","lap":"34","position":"1","time":"1:45.262","milliseconds":"105262"}
{"raceId":"1101","driverId":"815","lap":"35","position":"1","time":"1:44.869","milliseconds":"104869"}
{"raceId":"1101","driverId":"815","lap":"36","position":"1","time":"1:44.898","milliseconds":"104898"}
{"raceId":"1101","driverId":"815","lap":"37","position":"1","time":"1:44.970","milliseconds":"104970"}
{"raceId":"1101","driverId":"815","lap":"38","position":"1","time":"1:45.017","milliseconds":"105017"}
{"raceId":"1101","driverId":"815","lap":"39","position":"1","time":"1:45.092","milliseconds":"105092"}
{"raceId":"1101","driverId":"815","lap":"40","position":"1","time":"1:45.342","milliseconds":"105342"}
{"raceId":"1101","driverId":"815","lap":"41","position":"1","time":"1:45.676","milliseconds":"105676"}
{"raceId":"1101","driverId":"815","lap":"42","position":"1","time":"1:45.096","milliseconds":"105096"}
{"raceId":"1101","driverId":"815","lap":"43","position":"1","time":"1:44.875","milliseconds":"104875"}
{"raceId":"1101","driverId":"815","lap":"44","position":"1","time":"1:44.750","milliseconds":"104750"}
{"raceId":"1101","driverId":"815","lap":"45","position":"1","time":"1:44.960","milliseconds":"104960"}
{"raceId":"1101","driverId":"815","lap":"46","position":"1","time":"1:44.731","milliseconds":"104731"}
{"raceId":"1101","driverId":"815","lap":"47","position":"1","time":"1:45.139","milliseconds":"105139"}
{"raceId":"1101","driverId":"815","lap":"48","position":"1","time":"1:44.892","milliseconds":"104892"}
{"raceId":"1101","driverId":"815","lap":"49","position":"1","time":"1:44.611","milliseconds":"104611"}
{"raceId":"1101","driverId":"815","lap":"50","position":"1","time":"1:44.589","milliseconds":"104589"}
{"raceId":"1101","driverId":"815","lap":"51","position":"1","time":"1:44.926","milliseconds":"104926"}
{"raceId":"1101","driverId":"832","lap":"1","position":"4","time":"1:52.645","milliseconds":"112645"}
{"raceId":"1101","driverId":"832","lap":"2","position":"4","time":"1:47.774","milliseconds":"107774"}
{"raceId":"1101","driverId":"832","lap":"3","position":"4","time":"1:47.928","milliseconds":"107928"}
{"raceId":"1101","driverId":"832","lap":"4","position":"4","time":"1:47.898","milliseconds":"107898"}
{"raceId":"1101","driverId":"832","lap":"5","position":"4","time":"1:47.877","milliseconds":"107877"}
{"raceId":"1101","driverId":"832","lap":"6","position":"4","time":"1:47.649","milliseconds":"107649"}
{"raceId":"1101","driverId":"832","lap":"7","position":"4","time":"1:47.262","milliseconds":"107262"}
{"raceId":"1101","driverId":"832","lap":"8","position":"4","time":"1:47.591","milliseconds":"107591"}
{"raceId":"1101","driverId":"832","lap":"9","position":"4","time":"1:47.803","milliseconds":"107803"}
{"raceId":"1101","driverId":"832","lap":"10","position":"4","time":"1:47.412","milliseconds":"107412"}
{"raceId":"1101","driverId":"832","lap":"11","position":"3","time":"2:30.049","milliseconds":"150049"}
{"raceId":"1101","driverId":"832","lap":"12","position":"4","time":"2:45.763","milliseconds":"165763"}
{"raceId":"1101","driverId":"832","lap":"13","position":"4","time":"2:43.519","milliseconds":"163519"}
{"raceId":"1101","driverId":"832","lap":"14","position":"5","time":"1:49.508","milliseconds":"109508"}
{"raceId":"1101","driverId":"832","lap":"15","position":"5","time":"1:47.279","milliseconds":"107279"}
{"raceId":"1101","driverId":"832","lap":"16","position":"5","time":"1:46.750","milliseconds":"106750"}
{"raceId":"1101","driverId":"832","lap":"17","position":"5","time":"1:47.353","milliseconds":"107353"}
{"raceId":"1101","driverId":"832","lap":"18","position":"5","time":"1:46.971","milliseconds":"106971"}
{"raceId":"1101","driverId":"832","lap":"19","position":"5","time":"1:46.956","milliseconds":"106956"}
{"raceId":"1101","driverId":"832","lap":"20","position":"5","time":"1:47.237","milliseconds":"107237"}
{"raceId":"1101","driverId":"832","lap":"21","position":"5","time":"1:46.901","milliseconds":"106901"}
{"raceId":"1101","driverId":"832","lap":"22","position":"5","time":"1:46.918","milliseconds":"106918"}
{"raceId":"1101","driverId":"832","lap":"23","position":"5","time":"1:47.088","milliseconds":"107088"}
{"raceId":"1101","driverId":"832","lap":"24","position":"5","time":"1:46.560","milliseconds":"106560"}
{"raceId":"1101","driverId":"832","lap":"25","position":"5","time":"1:46.963","milliseconds":"106963"}
{"raceId":"1101","driverId":"832","lap":"26","position":"5","time":"1:47.292","milliseconds":"107292"}
{"raceId":"1101","driverId":"832","lap":"27","position":"5","time":"1:46.915","milliseconds":"106915"}
{"raceId":"1101","driverId":"832","lap":"28","position":"5","time":"1:46.689","milliseconds":"106689"}
{"raceId":"1101","driverId":"832","lap":"29","position":"5","time":"1:46.743","milliseconds":"106743"}
{"raceId":"1101","driverId":"832","lap":"30","position":"5","time":"1:46.619","milliseconds":"106619"}
{"raceId":"1101","driverId":"832","lap":"31","position":"5","time":"1:46.801","milliseconds":"106801"}
{"raceId":"1101","driverId":"832","lap":"32","position":"5","time":"1:46.545","milliseconds":"106545"}
{"raceId":"1101","driverId":"832","lap":"33","position":"5","time":"1:46.390","milliseconds":"106390"}
{"raceId":"1101","driverId":"832","lap":"34","position":"5","time":"1:46.289","milliseconds":"106289"}
{"raceId":"1101","driverId":"832","lap":"35","position":"5","time":"1:46.370","milliseconds":"106370"}
{"raceId":"1101","driverId":"832","lap":"36","position":"5","time":"1:46.318","milliseconds":"106318"}
{"raceId":"1101","driverId":"832","lap":"37","position":"5","time":"1:46.189","milliseconds":"106189"}
{"raceId":"1101","driverId":"832","lap":"38","position":"5","time":"1:45.804","milliseconds":"105804"}
{"raceId":"1101","driverId":"832","lap":"39","position":"5","time":"1:46.195","milliseconds":"106195"}
{"raceId":"1101","driverId":"832","lap":"40","position":"5","time":"1:46.527","milliseconds":"106527"}
{"raceId":"1101","driverId":"832","lap":"41","position":"5","time":"1:46.594","milliseconds":"106594"}
{"raceId":"1101","driverId":"832","lap":"42","position":"5","time":"1:46.002","milliseconds":"106002"}
{"raceId":"1101","driverId":"832","lap":"43","position":"5","time":"1:45.783","milliseconds":"105783"}
{"raceId":"1101","driverId":"832","lap":"44","position":"5","time":"1:45.498","milliseconds":"105498"}
{"raceId":"1101","driverId":"832","lap":"45","position":"5","time":"1:45.663","milliseconds":"105663"}
{"raceId":"1101","driverId":"832","lap":"46","position":"5","time":"1:45.507","milliseconds":"105507"}
{"raceId":"1101","driverId":"832","lap":"47","position":"5","time":"1:45.608","milliseconds":"105608"}
{"raceId":"1101","driverId":"832","lap":"48","position":"5","time":"1:45.175","milliseconds":"105175"}
{"raceId":"1101","driverId":"832","lap":"49","position":"5","time":"1:45.471","milliseconds":"105471"}
{"raceId":"1101","driverId":"832","lap":"50","position":"5","time":"1:45.533","milliseconds":"105533"}
{"raceId":"1101","driverId":"832","lap":"51","position":"5","time":"1:45.753","milliseconds":"105753"}
{"raceId":"1101","driverId":"1","lap":"1","position":"5","time":"1:53.406","milliseconds":"113406"}
{"raceId":"1101","driverId":"1","lap":"2","position":"5","time":"1:48.165","milliseconds":"108165"}
{"raceId":"1101","driverId":"1","lap":"3","position":"5","time":"1:47.602","milliseconds":"107602"}
{"raceId":"1101","driverId":"1","lap":"4","position":"5","time":"1:47.760","milliseconds":"107760"}
{"raceId":"1101","driverId":"1","lap":"5","position":"5","time":"1:47.791","milliseconds":"107791"}
{"raceId":"1101","driverId":"1","lap":"6","position":"5","time":"1:47.916","milliseconds":"107916"}
{"raceId":"1101","driverId":"1","lap":"7","position":"5","time":"1:47.816","milliseconds":"107816"}
{"raceId":"1101","driverId":"1","lap":"8","position":"5","time":"1:47.929","milliseconds":"107929"}
{"raceId":"1101","driverId":"1","lap":"9","position":"7","time":"1:53.178","milliseconds":"113178"}
{"raceId":"1101","driverId":"1","lap":"10","position":"11","time":"2:11.469","milliseconds":"131469"}
{"raceId":"1101","driverId":"1","lap":"11","position":"11","time":"2:29.985","milliseconds":"149985"}
{"raceId":"1101","driverId":"1","lap":"12","position":"10","time":"2:25.161","milliseconds":"145161"}
{"raceId":"1101","driverId":"1","lap":"13","position":"10","time":"2:34.397","milliseconds":"154397"}
{"raceId":"1101","driverId":"1","lap":"14","position":"8","time":"1:49.877","milliseconds":"109877"}
{"raceId":"1101","driverId":"1","lap":"15","position":"7","time":"1:47.259","milliseconds":"107259"}
{"raceId":"1101","driverId":"1","lap":"16","position":"7","time":"1:46.709","milliseconds":"106709"}
{"raceId":"1101","driverId":"1","lap":"17","position":"7","time":"1:47.383","milliseconds":"107383"}
{"raceId":"1101","driverId":"1","lap":"18","position":"7","time":"1:47.204","milliseconds":"107204"}
{"raceId":"1101","driverId":"1","lap":"19","position":"6","time":"1:46.747","milliseconds":"106747"}
{"raceId":"1101","driverId":"1","lap":"20","position":"6","time":"1:46.734","milliseconds":"106734"}
{"raceId":"1101","driverId":"1","lap":"21","position":"6","time":"1:46.809","milliseconds":"106809"}
{"raceId":"1101","driverId":"1","lap":"22","position":"6","time":"1:46.800","milliseconds":"106800"}
{"raceId":"1101","driverId":"1","lap":"23","position":"6","time":"1:46.678","milliseconds":"106678"}
{"raceId":"1101","driverId":"1","lap":"24","position":"6","time":"1:46.628","milliseconds":"106628"}
{"raceId":"1101","driverId":"1","lap":"25","position":"6","time":"1:47.177","milliseconds":"107177"}
{"raceId":"1101","driverId":"1","lap":"26","position":"6","time":"1:48.001","milliseconds":"108001"}
{"raceId":"1101","driverId":"1","lap":"27","position":"6","time":"1:46.728","milliseconds":"106728"}
{"raceId":"1101","driverId":"1","lap":"28","position":"6","time":"1:46.904","milliseconds":"106904"}
{"raceId":"1101","driverId":"1","lap":"29","position":"6","time":"1:46.611","milliseconds":"106611"}
{"raceId":"1101","driverId":"1","lap":"30","position":"6","time":"1:46.689","milliseconds":"106689"}
{"raceId":"1101","driverId":"1","lap":"31","position":"6","time":"1:46.558","milliseconds":"106558"}
{"raceId":"1101","driverId":"1","lap":"32","position":"6","time":"1:46.583","milliseconds":"106583"}
{"raceId":"1101","driverId":"1","lap":"33","position":"6","time":"1:46.218","milliseconds":"106218"}
{"raceId":"1101","driverId":"1","lap":"34","position":"6","time":"1:46.270","milliseconds":"106270"}
{"raceId":"1101","driverId":"1","lap":"35","position":"6","time":"1:45.834","milliseconds":"105834"}
{"raceId":"1101","driverId":"1","lap":"36","position":"6","time":"1:46.206","milliseconds":"106206"}
{"raceId":"1101","driverId":"1","lap":"37","position":"6","time":"1:46.290","milliseconds":"106290"}
{"raceId":"1101","driverId":"1","lap":"38","position":"6","time":"1:46.106","milliseconds":"106106"}
{"raceId":"1101","driverId":"1","lap":"39","position":"6","time":"1:45.833","milliseconds":"105833"}
{"raceId":"1101","driverId":"1","lap":"40","position":"6","time":"1:46.284","milliseconds":"106284"}
{"raceId":"1101","driverId":"1","lap":"41","position":"6","time":"1:46.731","milliseconds":"106731"}
{"raceId":"1101","driverId":"1","lap":"42","position":"6","time":"1:46.206","milliseconds":"106206"}
{"raceId":"1101","driverId":"1","lap":"43","position":"6","time":"1:45.714","milliseconds":"105714"}
{"raceId":"1101","driverId":"1","lap":"44","position":"6","time":"1:45.540","milliseconds":"105540"}
{"raceId":"1101","driverId":"1","lap":"45","position":"6","time":"1:45.571","milliseconds":"105571"}
{"raceId":"1101","driverId":"1","lap":"46","position":"6","time":"1:45.951","milliseconds":"105951"}
{"raceId":"1101","driverId":"1","lap":"47","position":"6","time":"1:45.583","milliseconds":"105583"}
{"raceId":"1101","driverId":"1","lap":"48","position":"6","time":"1:45.346","milliseconds":"105346"}
{"raceId":"1101","driverId":"1","lap":"49","position":"6","time":"1:45.439","milliseconds":"105439"}
{"raceId":"1101","driverId":"1","lap":"50","position":"6","time":"1:45.385","milliseconds":"105385"}
{"raceId":"1101","driverId":"1","lap":"51","position":"6","time":"1:45.420","milliseconds":"105420"}
{"raceId":"1101","driverId":"4","lap":"1","position":"6","time":"1:54.002","milliseconds":"114002"}
{"raceId":"1101","driverId":"4","lap":"2","position":"6","time":"1:48.064","milliseconds":"108064"}
{"raceId":"1101","driverId":"4","lap":"3","position":"6","time":"1:47.782","milliseconds":"107782"}
{"raceId":"1101","driverId":"4","lap":"4","position":"6","time":"1:47.912","milliseconds":"107912"}
{"raceId":"1101","driverId":"4","lap":"5","position":"6","time":"1:47.899","milliseconds":"107899"}
{"raceId":"1101","driverId":"4","lap":"6","position":"6","time":"1:48.367","milliseconds":"108367"}
{"raceId":"1101","driverId":"4","lap":"7","position":"6","time":"1:47.955","milliseconds":"107955"}
{"raceId":"1101","driverId":"4","lap":"8","position":"6","time":"1:47.062","milliseconds":"107062"}
{"raceId":"1101","driverId":"4","lap":"9","position":"5","time":"1:48.830","milliseconds":"108830"}
{"raceId":"1101","driverId":"4","lap":"10","position":"5","time":"1:47.416","milliseconds":"107416"}
{"raceId":"1101","driverId":"4","lap":"11","position":"4","time":"2:28.557","milliseconds":"148557"}
{"raceId":"1101","driverId":"4","lap":"12","position":"5","time":"2:45.310","milliseconds":"165310"}
{"raceId":"1101","driverId":"4","lap":"13","position":"5","time":"2:42.310","milliseconds":"162310"}
{"raceId":"1101","driverId":"4","lap":"14","position":"4","time":"1:48.907","milliseconds":"108907"}
{"raceId":"1101","driverId":"4","lap":"15","position":"4","time":"1:46.929","milliseconds":"106929"}
{"raceId":"1101","driverId":"4","lap":"16","position":"4","time":"1:46.404","milliseconds":"106404"}
{"raceId":"1101","driverId":"4","lap":"17","position":"4","time":"1:46.869","milliseconds":"106869"}
{"raceId":"1101","driverId":"4","lap":"18","position":"4","time":"1:47.199","milliseconds":"107199"}
{"raceId":"1101","driverId":"4","lap":"19","position":"4","time":"1:46.856","milliseconds":"106856"}
{"raceId":"1101","driverId":"4","lap":"20","position":"4","time":"1:47.025","milliseconds":"107025"}
{"raceId":"1101","driverId":"4","lap":"21","position":"4","time":"1:46.860","milliseconds":"106860"}
{"raceId":"1101","driverId":"4","lap":"22","position":"4","time":"1:46.229","milliseconds":"106229"}
{"raceId":"1101","driverId":"4","lap":"23","position":"4","time":"1:46.646","milliseconds":"106646"}
{"raceId":"1101","driverId":"4","lap":"24","position":"4","time":"1:46.162","milliseconds":"106162"}
{"raceId":"1101","driverId":"4","lap":"25","position":"4","time":"1:46.620","milliseconds":"106620"}
{"raceId":"1101","driverId":"4","lap":"26","position":"4","time":"1:46.381","milliseconds":"106381"}
{"raceId":"1101","driverId":"4","lap":"27","position":"4","time":"1:46.064","milliseconds":"106064"}
{"raceId":"1101","driverId":"4","lap":"28","position":"4","time":"1:46.091","milliseconds":"106091"}
{"raceId":"1101","driverId":"4","lap":"29","position":"4","time":"1:45.847","milliseconds":"105847"}
{"raceId":"1101","driverId":"4","lap":"30","position":"4","time":"1:45.691","milliseconds":"105691"}
{"raceId":"1101","driverId":"4","lap":"31","position":"4","time":"1:45.781","milliseconds":"105781"}
{"raceId":"1101","driverId":"4","lap":"32","position":"4","time":"1:46.194","milliseconds":"106194"}
{"raceId":"1101","driverId":"4","lap":"33","position":"4","time":"1:46.350","milliseconds":"106350"}
{"raceId":"1101","driverId":"4","lap":"34","position":"4","time":"1:46.152","milliseconds":"106152"}
{"raceId":"1101","driverId":"4","lap":"35","position":"4","time":"1:45.816","milliseconds":"105816"}
{"raceId":"1101","driverId":"4","lap":"36","position":"4","time":"1:46.079","milliseconds":"106079"}
{"raceId":"1101","driverId":"4","lap":"37","position":"4","time":"1:45.344","milliseconds":"105344"}
{"raceId":"1101","driverId":"4","lap":"38","position":"4","time":"1:45.955","milliseconds":"105955"}
{"raceId":"1101","driverId":"4","lap":"39","position":"4","time":"1:45.642","milliseconds":"105642"}
{"raceId":"1101","driverId":"4","lap":"40","position":"4","time":"1:45.372","milliseconds":"105372"}
{"raceId":"1101","driverId":"4","lap":"41","position":"4","time":"1:44.998","milliseconds":"104998"}
{"raceId":"1101","driverId":"4","lap":"42","position":"4","time":"1:44.933","milliseconds":"104933"}
{"raceId":"1101","driverId":"4","lap":"43","position":"4","time":"1:44.673","milliseconds":"104673"}
{"raceId":"1101","driverId":"4","lap":"44","position":"4","time":"1:44.782","milliseconds":"104782"}
{"raceId":"1101","driverId":"4","lap":"45","position":"4","time":"1:44.967","milliseconds":"104967"}
{"raceId":"1101","driverId":"4","lap":"46","position":"4","time":"1:44.803","milliseconds":"104803"}
{"raceId":"1101","driverId":"4","lap":"47","position":"4","time":"1:44.879","milliseconds":"104879"}
{"raceId":"1101","driverId":"4","lap":"48","position":"4","time":"1:44.541","milliseconds":"104541"}
{"raceId":"1101","driverId":"4","lap":"49","position":"4","time":"1:44.241","milliseconds":"104241"}
{"raceId":"1101","driverId":"4","lap":"50","position":"4","time":"1:44.439","milliseconds":"104439"}
{"raceId":"1101","driverId":"4","lap":"51","position":"4","time":"1:44.273","milliseconds":"104273"}
{"raceId":"1101","driverId":"840","lap":"1","position":"7","time":"1:54.568","milliseconds":"114568"}
{"raceId":"1101","driverId":"840","lap":"2","position":"7","time":"1:48.409","milliseconds":"108409"}
{"raceId":"1101","driverId":"840","lap":"3","position":"7","time":"1:47.753","milliseconds":"107753"}
{"raceId":"1101","driverId":"840","lap":"4","position":"7","time":"1:47.914","milliseconds":"107914"}
{"raceId":"1101","driverId":"840","lap":"5","position":"7","time":"1:47.689","milliseconds":"107689"}
{"raceId":"1101","driverId":"840","lap":"6","position":"7","time":"1:48.268","milliseconds":"108268"}
{"raceId":"1101","driverId":"840","lap":"7","position":"7","time":"1:48.173","milliseconds":"108173"}
{"raceId":"1101","driverId":"840","lap":"8","position":"7","time":"1:47.944","milliseconds":"107944"}
{"raceId":"1101","driverId":"840","lap":"9","position":"6","time":"1:48.023","milliseconds":"108023"}
{"raceId":"1101","driverId":"840","lap":"10","position":"6","time":"1:47.893","milliseconds":"107893"}
{"raceId":"1101","driverId":"840","lap":"11","position":"6","time":"2:33.847","milliseconds":"153847"}
{"raceId":"1101","driverId":"840","lap":"12","position":"7","time":"2:43.285","milliseconds":"163285"}
{"raceId":"1101","driverId":"840","lap":"13","position":"7","time":"2:38.272","milliseconds":"158272"}
{"raceId":"1101","driverId":"840","lap":"14","position":"6","time":"1:49.323","milliseconds":"109323"}
{"raceId":"1101","driverId":"840","lap":"15","position":"6","time":"1:47.521","milliseconds":"107521"}
{"raceId":"1101","driverId":"840","lap":"16","position":"6","time":"1:47.078","milliseconds":"107078"}
{"raceId":"1101","driverId":"840","lap":"17","position":"6","time":"1:47.051","milliseconds":"107051"}
{"raceId":"1101","driverId":"840","lap":"18","position":"6","time":"1:46.835","milliseconds":"106835"}
{"raceId":"1101","driverId":"840","lap":"19","position":"7","time":"1:48.008","milliseconds":"108008"}
{"raceId":"1101","driverId":"840","lap":"20","position":"7","time":"1:47.875","milliseconds":"107875"}
{"raceId":"1101","driverId":"840","lap":"21","position":"7","time":"1:47.164","milliseconds":"107164"}
{"raceId":"1101","driverId":"840","lap":"22","position":"7","time":"1:46.998","milliseconds":"106998"}
{"raceId":"1101","driverId":"840","lap":"23","position":"7","time":"1:47.104","milliseconds":"107104"}
{"raceId":"1101","driverId":"840","lap":"24","position":"7","time":"1:46.763","milliseconds":"106763"}
{"raceId":"1101","driverId":"840","lap":"25","position":"7","time":"1:46.722","milliseconds":"106722"}
{"raceId":"1101","driverId":"840","lap":"26","position":"7","time":"1:47.103","milliseconds":"107103"}
{"raceId":"1101","driverId":"840","lap":"27","position":"7","time":"1:46.941","milliseconds":"106941"}
{"raceId":"1101","driverId":"840","lap":"28","position":"7","time":"1:47.139","milliseconds":"107139"}
{"raceId":"1101","driverId":"840","lap":"29","position":"7","time":"1:46.819","milliseconds":"106819"}
{"raceId":"1101","driverId":"840","lap":"30","position":"7","time":"1:46.576","milliseconds":"106576"}
{"raceId":"1101","driverId":"840","lap":"31","position":"7","time":"1:46.395","milliseconds":"106395"}
{"raceId":"1101","driverId":"840","lap":"32","position":"7","time":"1:46.447","milliseconds":"106447"}
{"raceId":"1101","driverId":"840","lap":"33","position":"7","time":"1:46.536","milliseconds":"106536"}
{"raceId":"1101","driverId":"840","lap":"34","position":"7","time":"1:46.528","milliseconds":"106528"}
{"raceId":"1101","driverId":"840","lap":"35","position":"7","time":"1:46.577","milliseconds":"106577"}
{"raceId":"1101","driverId":"840","lap":"36","position":"7","time":"1:46.356","milliseconds":"106356"}
{"raceId":"1101","driverId":"840","lap":"37","position":"7","time":"1:46.295","milliseconds":"106295"}
{"raceId":"1101","driverId":"840","lap":"38","position":"7","time":"1:46.212","milliseconds":"106212"}
{"raceId":"1101","driverId":"840","lap":"39","position":"7","time":"1:45.972","milliseconds":"105972"}
{"raceId":"1101","driverId":"840","lap":"40","position":"7","time":"1:46.203","milliseconds":"106203"}
{"raceId":"1101","driverId":"840","lap":"41","position":"7","time":"1:46.097","milliseconds":"106097"}
{"raceId":"1101","driverId":"840","lap":"42","position":"7","time":"1:45.885","milliseconds":"105885"}
{"raceId":"1101","driverId":"840","lap":"43","position":"7","time":"1:45.957","milliseconds":"105957"}
{"raceId":"1101","driverId":"840","lap":"44","position":"7","time":"1:45.856","milliseconds":"105856"}
{"raceId":"1101","driverId":"840","lap":"45","position":"7","time":"1:45.627","milliseconds":"105627"}
{"raceId":"1101","driverId":"840","lap":"46","position":"7","time":"1:45.715","milliseconds":"105715"}
{"raceId":"1101","driverId":"840","lap":"47","position":"7","time":"1:45.814","milliseconds":"105814"}
{"raceId":"1101","driverId":"840","lap":"48","position":"7","time":"1:45.779","milliseconds":"105779"}
{"raceId":"1101","driverId":"840","lap":"49","position":"7","time":"1:45.886","milliseconds":"105886"}
{"raceId":"1101","driverId":"840","lap":"50","position":"7","time":"1:46.278","milliseconds":"106278"}
{"raceId":"1101","driverId":"840","lap":"51","position":"7","time":"1:46.580","milliseconds":"106580"}
{"raceId":"1101","driverId":"846","lap":"1","position":"8","time":"1:55.413","milliseconds":"115413"}
{"raceId":"1101","driverId":"846","lap":"2","position":"8","time":"1:48.739","milliseconds":"108739"}
{"raceId":"1101","driverId":"846","lap":"3","position":"8","time":"1:48.094","milliseconds":"108094"}
{"raceId":"1101","driverId":"846","lap":"4","position":"8","time":"1:48.096","milliseconds":"108096"}
{"raceId":"1101","driverId":"846","lap":"5","position":"8","time":"1:48.080","milliseconds":"108080"}
{"raceId":"1101","driverId":"846","lap":"6","position":"8","time":"1:48.216","milliseconds":"108216"}
{"raceId":"1101","driverId":"846","lap":"7","position":"8","time":"1:48.248","milliseconds":"108248"}
{"raceId":"1101","driverId":"846","lap":"8","position":"8","time":"1:48.336","milliseconds":"108336"}
{"raceId":"1101","driverId":"846","lap":"9","position":"9","time":"1:52.343","milliseconds":"112343"}
{"raceId":"1101","driverId":"846","lap":"10","position":"13","time":"2:15.720","milliseconds":"135720"}
{"raceId":"1101","driverId":"846","lap":"11","position":"12","time":"2:27.163","milliseconds":"147163"}
{"raceId":"1101","driverId":"846","lap":"12","position":"11","time":"2:20.862","milliseconds":"140862"}
{"raceId":"1101","driverId":"846","lap":"13","position":"11","time":"2:33.347","milliseconds":"153347"}
{"raceId":"1101","driverId":"846","lap":"14","position":"11","time":"1:51.811","milliseconds":"111811"}
{"raceId":"1101","driverId":"846","lap":"15","position":"11","time":"1:48.489","milliseconds":"108489"}
{"raceId":"1101","driverId":"846","lap":"16","position":"11","time":"1:47.832","milliseconds":"107832"}
{"raceId":"1101","driverId":"846","lap":"17","position":"11","time":"1:47.967","milliseconds":"107967"}
{"raceId":"1101","driverId":"846","lap":"18","position":"11","time":"1:47.516","milliseconds":"107516"}
{"raceId":"1101","driverId":"846","lap":"19","position":"11","time":"1:47.354","milliseconds":"107354"}
{"raceId":"1101","driverId":"846","lap":"20","position":"11","time":"1:47.343","milliseconds":"107343"}
{"raceId":"1101","driverId":"846","lap":"21","position":"11","time":"1:48.366","milliseconds":"108366"}
{"raceId":"1101","driverId":"846","lap":"22","position":"11","time":"1:47.676","milliseconds":"107676"}
{"raceId":"1101","driverId":"846","lap":"23","position":"11","time":"1:48.343","milliseconds":"108343"}
{"raceId":"1101","driverId":"846","lap":"24","position":"11","time":"1:48.318","milliseconds":"108318"}
{"raceId":"1101","driverId":"846","lap":"25","position":"11","time":"1:47.782","milliseconds":"107782"}
{"raceId":"1101","driverId":"846","lap":"26","position":"11","time":"1:47.882","milliseconds":"107882"}
{"raceId":"1101","driverId":"846","lap":"27","position":"11","time":"1:48.021","milliseconds":"108021"}
{"raceId":"1101","driverId":"846","lap":"28","position":"11","time":"1:47.994","milliseconds":"107994"}
{"raceId":"1101","driverId":"846","lap":"29","position":"11","time":"1:47.445","milliseconds":"107445"}
{"raceId":"1101","driverId":"846","lap":"30","position":"11","time":"1:47.449","milliseconds":"107449"}
{"raceId":"1101","driverId":"846","lap":"31","position":"11","time":"1:47.388","milliseconds":"107388"}
{"raceId":"1101","driverId":"846","lap":"32","position":"11","time":"1:47.170","milliseconds":"107170"}
{"raceId":"1101","driverId":"846","lap":"33","position":"11","time":"1:47.241","milliseconds":"107241"}
{"raceId":"1101","driverId":"846","lap":"34","position":"11","time":"1:47.100","milliseconds":"107100"}
{"raceId":"1101","driverId":"846","lap":"35","position":"11","time":"1:46.741","milliseconds":"106741"}
{"raceId":"1101","driverId":"846","lap":"36","position":"11","time":"1:47.354","milliseconds":"107354"}
{"raceId":"1101","driverId":"846","lap":"37","position":"11","time":"1:46.896","milliseconds":"106896"}
{"raceId":"1101","driverId":"846","lap":"38","position":"11","time":"1:46.685","milliseconds":"106685"}
{"raceId":"1101","driverId":"846","lap":"39","position":"11","time":"1:46.898","milliseconds":"106898"}
{"raceId":"1101","driverId":"846","lap":"40","position":"11","time":"1:46.937","milliseconds":"106937"}
{"raceId":"1101","driverId":"846","lap":"41","position":"11","time":"1:46.863","milliseconds":"106863"}
{"raceId":"1101","driverId":"846","lap":"42","position":"11","time":"1:46.641","milliseconds":"106641"}
{"raceId":"1101","driverId":"846","lap":"43","position":"11","time":"1:46.932","milliseconds":"106932"}
{"raceId":"1101","driverId":"846","lap":"44","position":"11","time":"1:47.270","milliseconds":"107270"}
{"raceId":"1101","driverId":"846","lap":"45","position":"10","time":"1:47.741","milliseconds":"107741"}
{"raceId":"1101","driverId":"846","lap":"46","position":"10","time":"1:46.134","milliseconds":"106134"}
{"raceId":"1101","driverId":"846","lap":"47","position":"10","time":"1:46.188","milliseconds":"106188"}
{"raceId":"1101","driverId":"846","lap":"48","position":"10","time":"1:46.197","milliseconds":"106197"}
{"raceId":"1101","driverId":"846","lap":"49","position":"10","time":"1:45.738","milliseconds":"105738"}
{"raceId":"1101","driverId":"846","lap":"50","position":"9","time":"1:46.056","milliseconds":"106056"}
{"raceId":"1101","driverId":"846","lap":"51","position":"9","time":"1:46.397","milliseconds":"106397"}
{"raceId":"1101","driverId":"847","lap":"1","position":"9","time":"1:56.394","milliseconds":"116394"}
{"raceId":"1101","driverId":"847","lap":"2","position":"9","time":"1:48.818","milliseconds":"108818"}
{"raceId":"1101","driverId":"847","lap":"3","position":"9","time":"1:47.908","milliseconds":"107908"}
{"raceId":"1101","driverId":"847","lap":"4","position":"9","time":"1:48.252","milliseconds":"108252"}
{"raceId":"1101","driverId":"847","lap":"5","position":"9","time":"1:48.443","milliseconds":"108443"}
{"raceId":"1101","driverId":"847","lap":"6","position":"9","time":"1:48.174","milliseconds":"108174"}
{"raceId":"1101","driverId":"847","lap":"7","position":"9","time":"1:48.314","milliseconds":"108314"}
{"raceId":"1101","driverId":"847","lap":"8","position":"9","time":"1:48.088","milliseconds":"108088"}
{"raceId":"1101","driverId":"847","lap":"9","position":"8","time":"1:47.757","milliseconds":"107757"}
{"raceId":"1101","driverId":"847","lap":"10","position":"7","time":"1:47.662","milliseconds":"107662"}
{"raceId":"1101","driverId":"847","lap":"11","position":"5","time":"2:30.620","milliseconds":"150620"}
{"raceId":"1101","driverId":"847","lap":"12","position":"6","time":"2:41.322","milliseconds":"161322"}
{"raceId":"1101","driverId":"847","lap":"13","position":"6","time":"2:40.076","milliseconds":"160076"}
{"raceId":"1101","driverId":"847","lap":"14","position":"7","time":"1:50.486","milliseconds":"110486"}
{"raceId":"1101","driverId":"847","lap":"15","position":"8","time":"1:48.356","milliseconds":"108356"}
{"raceId":"1101","driverId":"847","lap":"16","position":"8","time":"1:47.401","milliseconds":"107401"}
{"raceId":"1101","driverId":"847","lap":"17","position":"8","time":"1:47.396","milliseconds":"107396"}
{"raceId":"1101","driverId":"847","lap":"18","position":"8","time":"1:47.177","milliseconds":"107177"}
{"raceId":"1101","driverId":"847","lap":"19","position":"8","time":"1:46.563","milliseconds":"106563"}
{"raceId":"1101","driverId":"847","lap":"20","position":"8","time":"1:46.887","milliseconds":"106887"}
{"raceId":"1101","driverId":"847","lap":"21","position":"8","time":"1:47.577","milliseconds":"107577"}
{"raceId":"1101","driverId":"847","lap":"22","position":"8","time":"1:47.040","milliseconds":"107040"}
{"raceId":"1101","driverId":"847","lap":"23","position":"8","time":"1:46.615","milliseconds":"106615"}
{"raceId":"1101","driverId":"847","lap":"24","position":"8","time":"1:47.402","milliseconds":"107402"}
{"raceId":"1101","driverId":"847","lap":"25","position":"8","time":"1:47.082","milliseconds":"107082"}
{"raceId":"1101","driverId":"847","lap":"26","position":"8","time":"1:46.953","milliseconds":"106953"}
{"raceId":"1101","driverId":"847","lap":"27","position":"8","time":"1:47.099","milliseconds":"107099"}
{"raceId":"1101","driverId":"847","lap":"28","position":"8","time":"1:46.973","milliseconds":"106973"}
{"raceId":"1101","driverId":"847","lap":"29","position":"8","time":"1:46.829","milliseconds":"106829"}
{"raceId":"1101","driverId":"847","lap":"30","position":"8","time":"1:46.332","milliseconds":"106332"}
{"raceId":"1101","driverId":"847","lap":"31","position":"8","time":"1:46.617","milliseconds":"106617"}
{"raceId":"1101","driverId":"847","lap":"32","position":"8","time":"1:46.956","milliseconds":"106956"}
{"raceId":"1101","driverId":"847","lap":"33","position":"8","time":"1:46.891","milliseconds":"106891"}
{"raceId":"1101","driverId":"847","lap":"34","position":"8","time":"1:46.538","milliseconds":"106538"}
{"raceId":"1101","driverId":"847","lap":"35","position":"8","time":"1:46.545","milliseconds":"106545"}
{"raceId":"1101","driverId":"847","lap":"36","position":"8","time":"1:46.145","milliseconds":"106145"}
{"raceId":"1101","driverId":"847","lap":"37","position":"8","time":"1:46.234","milliseconds":"106234"}
{"raceId":"1101","driverId":"847","lap":"38","position":"8","time":"1:45.935","milliseconds":"105935"}
{"raceId":"1101","driverId":"847","lap":"39","position":"8","time":"1:45.889","milliseconds":"105889"}
{"raceId":"1101","driverId":"847","lap":"40","position":"8","time":"1:45.977","milliseconds":"105977"}
{"raceId":"1101","driverId":"847","lap":"41","position":"8","time":"1:46.023","milliseconds":"106023"}
{"raceId":"1101","driverId":"847","lap":"42","position":"8","time":"1:45.736","milliseconds":"105736"}
{"raceId":"1101","driverId":"847","lap":"43","position":"8","time":"1:45.901","milliseconds":"105901"}
{"raceId":"1101","driverId":"847","lap":"44","position":"8","time":"1:46.089","milliseconds":"106089"}
{"raceId":"1101","driverId":"847","lap":"45","position":"8","time":"1:45.740","milliseconds":"105740"}
{"raceId":"1101","driverId":"847","lap":"46","position":"8","time":"1:45.753","milliseconds":"105753"}
{"raceId":"1101","driverId":"847","lap":"47","position":"8","time":"1:45.662","milliseconds":"105662"}
{"raceId":"1101","driverId":"847","lap":"48","position":"8","time":"1:45.734","milliseconds":"105734"}
{"raceId":"1101","driverId":"847","lap":"49","position":"8","time":"1:52.152","milliseconds":"112152"}
{"raceId":"1101","driverId":"847","lap":"50","position":"8","time":"2:04.793","milliseconds":"124793"}
{"raceId":"1101","driverId":"847","lap":"51","position":"8","time":"1:43.370","milliseconds":"103370"}
{"raceId":"1101","driverId":"852","lap":"1","position":"10","time":"1:57.170","milliseconds":"117170"}
{"raceId":"1101","driverId":"852","lap":"2","position":"10","time":"1:49.181","milliseconds":"109181"}
{"raceId":"1101","driverId":"852","lap":"3","position":"10","time":"1:48.529","milliseconds":"108529"}
{"raceId":"1101","driverId":"852","lap":"4","position":"10","time":"1:48.477","milliseconds":"108477"}
{"raceId":"1101","driverId":"852","lap":"5","position":"10","time":"1:48.599","milliseconds":"108599"}
{"raceId":"1101","driverId":"852","lap":"6","position":"10","time":"1:48.228","milliseconds":"108228"}
{"raceId":"1101","driverId":"852","lap":"7","position":"10","time":"1:48.260","milliseconds":"108260"}
{"raceId":"1101","driverId":"852","lap":"8","position":"10","time":"1:52.849","milliseconds":"112849"}
{"raceId":"1101","driverId":"852","lap":"9","position":"15","time":"2:05.578","milliseconds":"125578"}
{"raceId":"1101","driverId":"852","lap":"10","position":"14","time":"1:58.850","milliseconds":"118850"}
{"raceId":"1101","driverId":"852","lap":"11","position":"13","time":"2:29.329","milliseconds":"149329"}
{"raceId":"1101","driverId":"852","lap":"12","position":"12","time":"2:16.115","milliseconds":"136115"}
{"raceId":"1101","driverId":"852","lap":"13","position":"12","time":"2:31.897","milliseconds":"151897"}
{"raceId":"1101","driverId":"852","lap":"14","position":"12","time":"1:52.225","milliseconds":"112225"}
{"raceId":"1101","driverId":"852","lap":"15","position":"12","time":"1:48.521","milliseconds":"108521"}
{"raceId":"1101","driverId":"852","lap":"16","position":"12","time":"1:47.868","milliseconds":"107868"}
{"raceId":"1101","driverId":"852","lap":"17","position":"12","time":"1:47.609","milliseconds":"107609"}
{"raceId":"1101","driverId":"852","lap":"18","position":"12","time":"1:47.690","milliseconds":"107690"}
{"raceId":"1101","driverId":"852","lap":"19","position":"12","time":"1:47.556","milliseconds":"107556"}
{"raceId":"1101","driverId":"852","lap":"20","position":"12","time":"1:48.021","milliseconds":"108021"}
{"raceId":"1101","driverId":"852","lap":"21","position":"12","time":"1:47.818","milliseconds":"107818"}
{"raceId":"1101","driverId":"852","lap":"22","position":"12","time":"1:47.642","milliseconds":"107642"}
{"raceId":"1101","driverId":"852","lap":"23","position":"12","time":"1:48.041","milliseconds":"108041"}
{"raceId":"1101","driverId":"852","lap":"24","position":"12","time":"1:48.199","milliseconds":"108199"}
{"raceId":"1101","driverId":"852","lap":"25","position":"12","time":"1:47.900","milliseconds":"107900"}
{"raceId":"1101","driverId":"852","lap":"26","position":"12","time":"1:47.696","milliseconds":"107696"}
{"raceId":"1101","driverId":"852","lap":"27","position":"12","time":"1:48.205","milliseconds":"108205"}
{"raceId":"1101","driverId":"852","lap":"28","position":"12","time":"1:47.902","milliseconds":"107902"}
{"raceId":"1101","driverId":"852","lap":"29","position":"12","time":"1:47.667","milliseconds":"107667"}
{"raceId":"1101","driverId":"852","lap":"30","position":"12","time":"1:47.334","milliseconds":"107334"}
{"raceId":"1101","driverId":"852","lap":"31","position":"12","time":"1:47.308","milliseconds":"107308"}
{"raceId":"1101","driverId":"852","lap":"32","position":"12","time":"1:47.355","milliseconds":"107355"}
{"raceId":"1101","driverId":"852","lap":"33","position":"12","time":"1:47.219","milliseconds":"107219"}
{"raceId":"1101","driverId":"852","lap":"34","position":"12","time":"1:46.922","milliseconds":"106922"}
{"raceId":"1101","driverId":"852","lap":"35","position":"12","time":"1:46.861","milliseconds":"106861"}
{"raceId":"1101","driverId":"852","lap":"36","position":"12","time":"1:47.261","milliseconds":"107261"}
{"raceId":"1101","driverId":"852","lap":"37","position":"12","time":"1:47.140","milliseconds":"107140"}
{"raceId":"1101","driverId":"852","lap":"38","position":"12","time":"1:46.692","milliseconds":"106692"}
{"raceId":"1101","driverId":"852","lap":"39","position":"12","time":"1:46.854","milliseconds":"106854"}
{"raceId":"1101","driverId":"852","lap":"40","position":"12","time":"1:46.877","milliseconds":"106877"}
{"raceId":"1101","driverId":"852","lap":"41","position":"12","time":"1:46.741","milliseconds":"106741"}
{"raceId":"1101","driverId":"852","lap":"42","position":"12","time":"1:46.765","milliseconds":"106765"}
{"raceId":"1101","driverId":"852","lap":"43","position":"12","time":"1:47.011","milliseconds":"107011"}
{"raceId":"1101","driverId":"852","lap":"44","position":"12","time":"1:47.237","milliseconds":"107237"}
{"raceId":"1101","driverId":"852","lap":"45","position":"12","time":"1:48.611","milliseconds":"108611"}
{"raceId":"1101","driverId":"852","lap":"46","position":"11","time":"1:47.293","milliseconds":"107293"}
{"raceId":"1101","driverId":"852","lap":"47","position":"11","time":"1:46.643","milliseconds":"106643"}
{"raceId":"1101","driverId":"852","lap":"48","position":"11","time":"1:46.479","milliseconds":"106479"}
{"raceId":"1101","driverId":"852","lap":"49","position":"11","time":"1:46.205","milliseconds":"106205"}
{"raceId":"1101","driverId":"852","lap":"50","position":"11","time":"1:46.141","milliseconds":"106141"}
{"raceId":"1101","driverId":"852","lap":"51","position":"10","time":"1:45.727","milliseconds":"105727"}
{"raceId":"1101","driverId":"857","lap":"1","position":"11","time":"1:57.516","milliseconds":"117516"}
{"raceId":"1101","driverId":"857","lap":"2","position":"11","time":"1:49.527","milliseconds":"109527"}
{"raceId":"1101","driverId":"857","lap":"3","position":"11","time":"1:48.452","milliseconds":"108452"}
{"raceId":"1101","driverId":"857","lap":"4","position":"11","time":"1:49.002","milliseconds":"109002"}
{"raceId":"1101","driverId":"857","lap":"5","position":"11","time":"1:48.298","milliseconds":"108298"}
{"raceId":"1101","driverId":"857","lap":"6","position":"11","time":"1:48.485","milliseconds":"108485"}
{"raceId":"1101","driverId":"857","lap":"7","position":"11","time":"1:49.102","milliseconds":"109102"}
{"raceId":"1101","driverId":"857","lap":"8","position":"12","time":"1:52.245","milliseconds":"112245"}
{"raceId":"1101","driverId":"857","lap":"9","position":"16","time":"2:05.475","milliseconds":"125475"}
{"raceId":"1101","driverId":"857","lap":"10","position":"15","time":"2:00.729","milliseconds":"120729"}
{"raceId":"1101","driverId":"857","lap":"11","position":"14","time":"2:28.314","milliseconds":"148314"}
{"raceId":"1101","driverId":"857","lap":"12","position":"13","time":"2:15.556","milliseconds":"135556"}
{"raceId":"1101","driverId":"857","lap":"13","position":"13","time":"2:30.553","milliseconds":"150553"}
{"raceId":"1101","driverId":"857","lap":"14","position":"13","time":"1:52.604","milliseconds":"112604"}
{"raceId":"1101","driverId":"857","lap":"15","position":"13","time":"1:48.618","milliseconds":"108618"}
{"raceId":"1101","driverId":"857","lap":"16","position":"13","time":"1:48.175","milliseconds":"108175"}
{"raceId":"1101","driverId":"857","lap":"17","position":"13","time":"1:47.625","milliseconds":"107625"}
{"raceId":"1101","driverId":"857","lap":"18","position":"13","time":"1:47.723","milliseconds":"107723"}
{"raceId":"1101","driverId":"857","lap":"19","position":"13","time":"1:47.736","milliseconds":"107736"}
{"raceId":"1101","driverId":"857","lap":"20","position":"13","time":"1:47.361","milliseconds":"107361"}
{"raceId":"1101","driverId":"857","lap":"21","position":"13","time":"1:48.171","milliseconds":"108171"}
{"raceId":"1101","driverId":"857","lap":"22","position":"13","time":"1:47.876","milliseconds":"107876"}
{"raceId":"1101","driverId":"857","lap":"23","position":"13","time":"1:48.325","milliseconds":"108325"}
{"raceId":"1101","driverId":"857","lap":"24","position":"13","time":"1:47.929","milliseconds":"107929"}
{"raceId":"1101","driverId":"857","lap":"25","position":"13","time":"1:48.252","milliseconds":"108252"}
{"raceId":"1101","driverId":"857","lap":"26","position":"13","time":"1:48.025","milliseconds":"108025"}
{"raceId":"1101","driverId":"857","lap":"27","position":"13","time":"1:47.563","milliseconds":"107563"}
{"raceId":"1101","driverId":"857","lap":"28","position":"13","time":"1:48.227","milliseconds":"108227"}
{"raceId":"1101","driverId":"857","lap":"29","position":"13","time":"1:47.866","milliseconds":"107866"}
{"raceId":"1101","driverId":"857","lap":"30","position":"13","time":"1:47.654","milliseconds":"107654"}
{"raceId":"1101","driverId":"857","lap":"31","position":"13","time":"1:47.038","milliseconds":"107038"}
{"raceId":"1101","driverId":"857","lap":"32","position":"13","time":"1:47.356","milliseconds":"107356"}
{"raceId":"1101","driverId":"857","lap":"33","position":"13","time":"1:47.382","milliseconds":"107382"}
{"raceId":"1101","driverId":"857","lap":"34","position":"13","time":"1:47.545","milliseconds":"107545"}
{"raceId":"1101","driverId":"857","lap":"35","position":"13","time":"1:47.157","milliseconds":"107157"}
{"raceId":"1101","driverId":"857","lap":"36","position":"13","time":"1:46.925","milliseconds":"106925"}
{"raceId":"1101","driverId":"857","lap":"37","position":"13","time":"1:47.014","milliseconds":"107014"}
{"raceId":"1101","driverId":"857","lap":"38","position":"13","time":"1:46.868","milliseconds":"106868"}
{"raceId":"1101","driverId":"857","lap":"39","position":"13","time":"1:46.873","milliseconds":"106873"}
{"raceId":"1101","driverId":"857","lap":"40","position":"13","time":"1:47.239","milliseconds":"107239"}
{"raceId":"1101","driverId":"857","lap":"41","position":"13","time":"1:47.097","milliseconds":"107097"}
{"raceId":"1101","driverId":"857","lap":"42","position":"13","time":"1:46.889","milliseconds":"106889"}
{"raceId":"1101","driverId":"857","lap":"43","position":"13","time":"1:46.929","milliseconds":"106929"}
{"raceId":"1101","driverId":"857","lap":"44","position":"13","time":"1:46.860","milliseconds":"106860"}
{"raceId":"1101","driverId":"857","lap":"45","position":"13","time":"1:47.196","milliseconds":"107196"}
{"raceId":"1101","driverId":"857","lap":"46","position":"13","time":"1:47.193","milliseconds":"107193"}
{"raceId":"1101","driverId":"857","lap":"47","position":"13","time":"1:47.158","milliseconds":"107158"}
{"raceId":"1101","driverId":"857","lap":"48","position":"12","time":"1:47.060","milliseconds":"107060"}
{"raceId":"1101","driverId":"857","lap":"49","position":"12","time":"1:46.430","milliseconds":"106430"}
{"raceId":"1101","driverId":"857","lap":"50","position":"12","time":"1:46.113","milliseconds":"106113"}
{"raceId":"1101","driverId":"857","lap":"51","position":"11","time":"1:45.631","milliseconds":"105631"}
{"raceId":"1101","driverId":"848","lap":"1","position":"12","time":"1:58.185","milliseconds":"118185"}
{"raceId":"1101","driverId":"848","lap":"2","position":"12","time":"1:49.728","milliseconds":"109728"}
{"raceId":"1101","driverId":"848","lap":"3","position":"12","time":"1:48.815","milliseconds":"108815"}
{"raceId":"1101","driverId":"848","lap":"4","position":"12","time":"1:49.004","milliseconds":"109004"}
{"raceId":"1101","driverId":"848","lap":"5","position":"12","time":"1:48.689","milliseconds":"108689"}
{"raceId":"1101","driverId":"848","lap":"6","position":"12","time":"1:48.530","milliseconds":"108530"}
{"raceId":"1101","driverId":"848","lap":"7","position":"14","time":"1:52.993","milliseconds":"112993"}
{"raceId":"1101","driverId":"848","lap":"8","position":"18","time":"2:06.167","milliseconds":"126167"}
{"raceId":"1101","driverId":"848","lap":"9","position":"17","time":"1:47.968","milliseconds":"107968"}
{"raceId":"1101","driverId":"848","lap":"10","position":"16","time":"2:00.959","milliseconds":"120959"}
{"raceId":"1101","driverId":"848","lap":"11","position":"15","time":"2:29.002","milliseconds":"149002"}
{"raceId":"1101","driverId":"848","lap":"12","position":"15","time":"2:15.098","milliseconds":"135098"}
{"raceId":"1101","driverId":"848","lap":"13","position":"15","time":"2:28.547","milliseconds":"148547"}
{"raceId":"1101","driverId":"848","lap":"14","position":"14","time":"1:52.578","milliseconds":"112578"}
{"raceId":"1101","driverId":"848","lap":"15","position":"14","time":"1:48.928","milliseconds":"108928"}
{"raceId":"1101","driverId":"848","lap":"16","position":"14","time":"1:48.111","milliseconds":"108111"}
{"raceId":"1101","driverId":"848","lap":"17","position":"14","time":"1:47.727","milliseconds":"107727"}
{"raceId":"1101","driverId":"848","lap":"18","position":"14","time":"1:47.982","milliseconds":"107982"}
{"raceId":"1101","driverId":"848","lap":"19","position":"14","time":"1:47.776","milliseconds":"107776"}
{"raceId":"1101","driverId":"848","lap":"20","position":"14","time":"1:47.693","milliseconds":"107693"}
{"raceId":"1101","driverId":"848","lap":"21","position":"14","time":"1:48.151","milliseconds":"108151"}
{"raceId":"1101","driverId":"848","lap":"22","position":"14","time":"1:47.986","milliseconds":"107986"}
{"raceId":"1101","driverId":"848","lap":"23","position":"14","time":"1:47.949","milliseconds":"107949"}
{"raceId":"1101","driverId":"848","lap":"24","position":"14","time":"1:48.076","milliseconds":"108076"}
{"raceId":"1101","driverId":"848","lap":"25","position":"14","time":"1:48.114","milliseconds":"108114"}
{"raceId":"1101","driverId":"848","lap":"26","position":"14","time":"1:47.911","milliseconds":"107911"}
{"raceId":"1101","driverId":"848","lap":"27","position":"14","time":"1:47.770","milliseconds":"107770"}
{"raceId":"1101","driverId":"848","lap":"28","position":"14","time":"1:48.057","milliseconds":"108057"}
{"raceId":"1101","driverId":"848","lap":"29","position":"14","time":"1:47.858","milliseconds":"107858"}
{"raceId":"1101","driverId":"848","lap":"30","position":"14","time":"1:47.380","milliseconds":"107380"}
{"raceId":"1101","driverId":"848","lap":"31","position":"14","time":"1:47.370","milliseconds":"107370"}
{"raceId":"1101","driverId":"848","lap":"32","position":"14","time":"1:47.640","milliseconds":"107640"}
{"raceId":"1101","driverId":"848","lap":"33","position":"14","time":"1:47.284","milliseconds":"107284"}
{"raceId":"1101","driverId":"848","lap":"34","position":"14","time":"1:47.486","milliseconds":"107486"}
{"raceId":"1101","driverId":"848","lap":"35","position":"14","time":"1:47.277","milliseconds":"107277"}
{"raceId":"1101","driverId":"848","lap":"36","position":"14","time":"1:47.763","milliseconds":"107763"}
{"raceId":"1101","driverId":"848","lap":"37","position":"14","time":"1:47.270","milliseconds":"107270"}
{"raceId":"1101","driverId":"848","lap":"38","position":"14","time":"1:47.155","milliseconds":"107155"}
{"raceId":"1101","driverId":"848","lap":"39","position":"14","time":"1:46.972","milliseconds":"106972"}
{"raceId":"1101","driverId":"848","lap":"40","position":"14","time":"1:47.049","milliseconds":"107049"}
{"raceId":"1101","driverId":"848","lap":"41","position":"14","time":"1:46.853","milliseconds":"106853"}
{"raceId":"1101","driverId":"848","lap":"42","position":"14","time":"1:46.845","milliseconds":"106845"}
{"raceId":"1101","driverId":"848","lap":"43","position":"14","time":"1:46.607","milliseconds":"106607"}
{"raceId":"1101","driverId":"848","lap":"44","position":"14","time":"1:46.833","milliseconds":"106833"}
{"raceId":"1101","driverId":"848","lap":"45","position":"14","time":"1:46.859","milliseconds":"106859"}
{"raceId":"1101","driverId":"848","lap":"46","position":"14","time":"1:46.614","milliseconds":"106614"}
{"raceId":"1101","driverId":"848","lap":"47","position":"14","time":"1:46.621","milliseconds":"106621"}
{"raceId":"1101","driverId":"848","lap":"48","position":"13","time":"1:48.271","milliseconds":"108271"}
{"raceId":"1101","driverId":"848","lap":"49","position":"13","time":"1:46.343","milliseconds":"106343"}
{"raceId":"1101","driverId":"848","lap":"50","position":"13","time":"1:46.290","milliseconds":"106290"}
{"raceId":"1101","driverId":"848","lap":"51","position":"12","time":"1:45.925","milliseconds":"105925"}
{"raceId":"1101","driverId":"825","lap":"1","position":"13","time":"1:58.715","milliseconds":"118715"}
{"raceId":"1101","driverId":"825","lap":"2","position":"13","time":"1:50.168","milliseconds":"110168"}
{"raceId":"1101","driverId":"825","lap":"3","position":"13","time":"1:48.629","milliseconds":"108629"}
{"raceId":"1101","driverId":"825","lap":"4","position":"13","time":"1:48.915","milliseconds":"108915"}
{"raceId":"1101","driverId":"825","lap":"5","position":"13","time":"1:49.028","milliseconds":"109028"}
{"raceId":"1101","driverId":"825","lap":"6","position":"13","time":"1:48.951","milliseconds":"108951"}
{"raceId":"1101","driverId":"825","lap":"7","position":"12","time":"1:48.645","milliseconds":"108645"}
{"raceId":"1101","driverId":"825","lap":"8","position":"11","time":"1:48.972","milliseconds":"108972"}
{"raceId":"1101","driverId":"825","lap":"9","position":"10","time":"1:49.051","milliseconds":"109051"}
{"raceId":"1101","driverId":"825","lap":"10","position":"12","time":"2:02.819","milliseconds":"122819"}
{"raceId":"1101","driverId":"825","lap":"11","position":"17","time":"2:55.954","milliseconds":"175954"}
{"raceId":"1101","driverId":"825","lap":"12","position":"17","time":"2:09.751","milliseconds":"129751"}
{"raceId":"1101","driverId":"825","lap":"13","position":"17","time":"2:25.627","milliseconds":"145627"}
{"raceId":"1101","driverId":"825","lap":"14","position":"17","time":"1:52.642","milliseconds":"112642"}
{"raceId":"1101","driverId":"825","lap":"15","position":"17","time":"1:49.108","milliseconds":"109108"}
{"raceId":"1101","driverId":"825","lap":"16","position":"17","time":"1:47.952","milliseconds":"107952"}
{"raceId":"1101","driverId":"825","lap":"17","position":"17","time":"1:48.871","milliseconds":"108871"}
{"raceId":"1101","driverId":"825","lap":"18","position":"17","time":"1:47.484","milliseconds":"107484"}
{"raceId":"1101","driverId":"825","lap":"19","position":"16","time":"1:47.752","milliseconds":"107752"}
{"raceId":"1101","driverId":"825","lap":"20","position":"16","time":"1:47.765","milliseconds":"107765"}
{"raceId":"1101","driverId":"825","lap":"21","position":"16","time":"1:47.567","milliseconds":"107567"}
{"raceId":"1101","driverId":"825","lap":"22","position":"16","time":"1:47.675","milliseconds":"107675"}
{"raceId":"1101","driverId":"825","lap":"23","position":"15","time":"1:47.906","milliseconds":"107906"}
{"raceId":"1101","driverId":"825","lap":"24","position":"15","time":"1:47.722","milliseconds":"107722"}
{"raceId":"1101","driverId":"825","lap":"25","position":"15","time":"1:47.862","milliseconds":"107862"}
{"raceId":"1101","driverId":"825","lap":"26","position":"15","time":"1:47.861","milliseconds":"107861"}
{"raceId":"1101","driverId":"825","lap":"27","position":"15","time":"1:48.357","milliseconds":"108357"}
{"raceId":"1101","driverId":"825","lap":"28","position":"15","time":"1:48.029","milliseconds":"108029"}
{"raceId":"1101","driverId":"825","lap":"29","position":"15","time":"1:47.988","milliseconds":"107988"}
{"raceId":"1101","driverId":"825","lap":"30","position":"15","time":"1:46.990","milliseconds":"106990"}
{"raceId":"1101","driverId":"825","lap":"31","position":"15","time":"1:47.313","milliseconds":"107313"}
{"raceId":"1101","driverId":"825","lap":"32","position":"15","time":"1:47.141","milliseconds":"107141"}
{"raceId":"1101","driverId":"825","lap":"33","position":"15","time":"1:47.382","milliseconds":"107382"}
{"raceId":"1101","driverId":"825","lap":"34","position":"15","time":"1:47.420","milliseconds":"107420"}
{"raceId":"1101","driverId":"825","lap":"35","position":"15","time":"1:47.487","milliseconds":"107487"}
{"raceId":"1101","driverId":"825","lap":"36","position":"15","time":"1:47.348","milliseconds":"107348"}
{"raceId":"1101","driverId":"825","lap":"37","position":"15","time":"1:47.589","milliseconds":"107589"}
{"raceId":"1101","driverId":"825","lap":"38","position":"15","time":"1:47.261","milliseconds":"107261"}
{"raceId":"1101","driverId":"825","lap":"39","position":"15","time":"1:47.021","milliseconds":"107021"}
{"raceId":"1101","driverId":"825","lap":"40","position":"15","time":"1:46.653","milliseconds":"106653"}
{"raceId":"1101","driverId":"825","lap":"41","position":"15","time":"1:47.351","milliseconds":"107351"}
{"raceId":"1101","driverId":"825","lap":"42","position":"15","time":"1:46.585","milliseconds":"106585"}
{"raceId":"1101","driverId":"825","lap":"43","position":"15","time":"1:46.563","milliseconds":"106563"}
{"raceId":"1101","driverId":"825","lap":"44","position":"15","time":"1:46.775","milliseconds":"106775"}
{"raceId":"1101","driverId":"825","lap":"45","position":"15","time":"1:46.802","milliseconds":"106802"}
{"raceId":"1101","driverId":"825","lap":"46","position":"15","time":"1:46.677","milliseconds":"106677"}
{"raceId":"1101","driverId":"825","lap":"47","position":"15","time":"1:46.946","milliseconds":"106946"}
{"raceId":"1101","driverId":"825","lap":"48","position":"15","time":"1:47.926","milliseconds":"107926"}
{"raceId":"1101","driverId":"825","lap":"49","position":"14","time":"1:47.217","milliseconds":"107217"}
{"raceId":"1101","driverId":"825","lap":"50","position":"14","time":"1:46.102","milliseconds":"106102"}
{"raceId":"1101","driverId":"825","lap":"51","position":"13","time":"1:45.850","milliseconds":"105850"}
{"raceId":"1101","driverId":"858","lap":"1","position":"14","time":"1:58.980","milliseconds":"118980"}
{"raceId":"1101","driverId":"858","lap":"2","position":"14","time":"1:50.147","milliseconds":"110147"}
{"raceId":"1101","driverId":"858","lap":"3","position":"14","time":"1:49.098","milliseconds":"109098"}
{"raceId":"1101","driverId":"858","lap":"4","position":"14","time":"1:48.850","milliseconds":"108850"}
{"raceId":"1101","driverId":"858","lap":"5","position":"14","time":"1:48.875","milliseconds":"108875"}
{"raceId":"1101","driverId":"858","lap":"6","position":"14","time":"1:49.285","milliseconds":"109285"}
{"raceId":"1101","driverId":"858","lap":"7","position":"13","time":"1:49.731","milliseconds":"109731"}
{"raceId":"1101","driverId":"858","lap":"8","position":"17","time":"1:54.130","milliseconds":"114130"}
{"raceId":"1101","driverId":"858","lap":"9","position":"19","time":"2:05.742","milliseconds":"125742"}
{"raceId":"1101","driverId":"858","lap":"10","position":"18","time":"2:01.898","milliseconds":"121898"}
{"raceId":"1101","driverId":"858","lap":"11","position":"18","time":"2:34.445","milliseconds":"154445"}
{"raceId":"1101","driverId":"858","lap":"12","position":"18","time":"2:09.271","milliseconds":"129271"}
{"raceId":"1101","driverId":"858","lap":"13","position":"18","time":"2:24.974","milliseconds":"144974"}
{"raceId":"1101","driverId":"858","lap":"14","position":"18","time":"1:53.102","milliseconds":"113102"}
{"raceId":"1101","driverId":"858","lap":"15","position":"18","time":"1:49.448","milliseconds":"109448"}
{"raceId":"1101","driverId":"858","lap":"16","position":"18","time":"1:48.461","milliseconds":"108461"}
{"raceId":"1101","driverId":"858","lap":"17","position":"18","time":"1:48.711","milliseconds":"108711"}
{"raceId":"1101","driverId":"858","lap":"18","position":"18","time":"1:47.892","milliseconds":"107892"}
{"raceId":"1101","driverId":"858","lap":"19","position":"18","time":"1:48.088","milliseconds":"108088"}
{"raceId":"1101","driverId":"858","lap":"20","position":"18","time":"1:48.722","milliseconds":"108722"}
{"raceId":"1101","driverId":"858","lap":"21","position":"18","time":"1:48.568","milliseconds":"108568"}
{"raceId":"1101","driverId":"858","lap":"22","position":"18","time":"1:48.293","milliseconds":"108293"}
{"raceId":"1101","driverId":"858","lap":"23","position":"18","time":"1:48.378","milliseconds":"108378"}
{"raceId":"1101","driverId":"858","lap":"24","position":"17","time":"1:48.514","milliseconds":"108514"}
{"raceId":"1101","driverId":"858","lap":"25","position":"17","time":"1:48.089","milliseconds":"108089"}
{"raceId":"1101","driverId":"858","lap":"26","position":"17","time":"1:47.802","milliseconds":"107802"}
{"raceId":"1101","driverId":"858","lap":"27","position":"17","time":"1:48.044","milliseconds":"108044"}
{"raceId":"1101","driverId":"858","lap":"28","position":"17","time":"1:48.355","milliseconds":"108355"}
{"raceId":"1101","driverId":"858","lap":"29","position":"17","time":"1:48.197","milliseconds":"108197"}
{"raceId":"1101","driverId":"858","lap":"30","position":"17","time":"1:47.975","milliseconds":"107975"}
{"raceId":"1101","driverId":"858","lap":"31","position":"17","time":"1:47.663","milliseconds":"107663"}
{"raceId":"1101","driverId":"858","lap":"32","position":"17","time":"1:47.521","milliseconds":"107521"}
{"raceId":"1101","driverId":"858","lap":"33","position":"17","time":"1:47.364","milliseconds":"107364"}
{"raceId":"1101","driverId":"858","lap":"34","position":"17","time":"1:47.539","milliseconds":"107539"}
{"raceId":"1101","driverId":"858","lap":"35","position":"17","time":"1:47.456","milliseconds":"107456"}
{"raceId":"1101","driverId":"858","lap":"36","position":"16","time":"1:47.614","milliseconds":"107614"}
{"raceId":"1101","driverId":"858","lap":"37","position":"16","time":"1:46.844","milliseconds":"106844"}
{"raceId":"1101","driverId":"858","lap":"38","position":"16","time":"1:47.161","milliseconds":"107161"}
{"raceId":"1101","driverId":"858","lap":"39","position":"16","time":"1:47.323","milliseconds":"107323"}
{"raceId":"1101","driverId":"858","lap":"40","position":"16","time":"1:47.725","milliseconds":"107725"}
{"raceId":"1101","driverId":"858","lap":"41","position":"16","time":"1:47.200","milliseconds":"107200"}
{"raceId":"1101","driverId":"858","lap":"42","position":"16","time":"1:47.378","milliseconds":"107378"}
{"raceId":"1101","driverId":"858","lap":"43","position":"17","time":"1:48.649","milliseconds":"108649"}
{"raceId":"1101","driverId":"858","lap":"44","position":"17","time":"1:47.047","milliseconds":"107047"}
{"raceId":"1101","driverId":"858","lap":"45","position":"17","time":"1:46.970","milliseconds":"106970"}
{"raceId":"1101","driverId":"858","lap":"46","position":"17","time":"1:46.819","milliseconds":"106819"}
{"raceId":"1101","driverId":"858","lap":"47","position":"17","time":"1:46.641","milliseconds":"106641"}
{"raceId":"1101","driverId":"858","lap":"48","position":"17","time":"1:46.754","milliseconds":"106754"}
{"raceId":"1101","driverId":"858","lap":"49","position":"17","time":"1:46.501","milliseconds":"106501"}
{"raceId":"1101","driverId":"858","lap":"50","position":"16","time":"1:46.507","milliseconds":"106507"}
{"raceId":"1101","driverId":"858","lap":"51","position":"16","time":"1:46.638","milliseconds":"106638"}
{"raceId":"1101","driverId":"842","lap":"1","position":"15","time":"1:59.785","milliseconds":"119785"}
{"raceId":"1101","driverId":"842","lap":"2","position":"15","time":"1:49.990","milliseconds":"109990"}
{"raceId":"1101","driverId":"842","lap":"3","position":"15","time":"1:49.075","milliseconds":"109075"}
{"raceId":"1101","driverId":"842","lap":"4","position":"15","time":"1:48.873","milliseconds":"108873"}
{"raceId":"1101","driverId":"842","lap":"5","position":"19","time":"1:53.152","milliseconds":"113152"}
{"raceId":"1101","driverId":"842","lap":"6","position":"20","time":"2:04.865","milliseconds":"124865"}
{"raceId":"1101","driverId":"842","lap":"7","position":"19","time":"1:47.722","milliseconds":"107722"}
{"raceId":"1101","driverId":"842","lap":"8","position":"19","time":"1:49.057","milliseconds":"109057"}
{"raceId":"1101","driverId":"842","lap":"9","position":"18","time":"1:47.851","milliseconds":"107851"}
{"raceId":"1101","driverId":"842","lap":"10","position":"17","time":"2:02.028","milliseconds":"122028"}
{"raceId":"1101","driverId":"842","lap":"11","position":"16","time":"2:28.597","milliseconds":"148597"}
{"raceId":"1101","driverId":"842","lap":"12","position":"16","time":"2:16.496","milliseconds":"136496"}
{"raceId":"1101","driverId":"842","lap":"13","position":"16","time":"2:26.528","milliseconds":"146528"}
{"raceId":"1101","driverId":"842","lap":"14","position":"15","time":"1:52.872","milliseconds":"112872"}
{"raceId":"1101","driverId":"842","lap":"15","position":"15","time":"1:48.951","milliseconds":"108951"}
{"raceId":"1101","driverId":"842","lap":"16","position":"15","time":"1:48.072","milliseconds":"108072"}
{"raceId":"1101","driverId":"842","lap":"17","position":"15","time":"1:47.915","milliseconds":"107915"}
{"raceId":"1101","driverId":"842","lap":"18","position":"15","time":"1:47.570","milliseconds":"107570"}
{"raceId":"1101","driverId":"842","lap":"19","position":"15","time":"1:48.031","milliseconds":"108031"}
{"raceId":"1101","driverId":"842","lap":"20","position":"15","time":"1:47.796","milliseconds":"107796"}
{"raceId":"1101","driverId":"842","lap":"21","position":"15","time":"1:47.873","milliseconds":"107873"}
{"raceId":"1101","driverId":"842","lap":"22","position":"15","time":"1:48.054","milliseconds":"108054"}
{"raceId":"1101","driverId":"842","lap":"23","position":"16","time":"1:52.208","milliseconds":"112208"}
{"raceId":"1101","driverId":"842","lap":"24","position":"19","time":"2:04.713","milliseconds":"124713"}
{"raceId":"1101","driverId":"842","lap":"25","position":"19","time":"1:46.561","milliseconds":"106561"}
{"raceId":"1101","driverId":"842","lap":"26","position":"19","time":"1:46.173","milliseconds":"106173"}
{"raceId":"1101","driverId":"842","lap":"27","position":"19","time":"1:46.462","milliseconds":"106462"}
{"raceId":"1101","driverId":"842","lap":"28","position":"19","time":"1:46.430","milliseconds":"106430"}
{"raceId":"1101","driverId":"842","lap":"29","position":"19","time":"1:46.547","milliseconds":"106547"}
{"raceId":"1101","driverId":"842","lap":"30","position":"19","time":"1:46.601","milliseconds":"106601"}
{"raceId":"1101","driverId":"842","lap":"31","position":"19","time":"1:46.646","milliseconds":"106646"}
{"raceId":"1101","driverId":"842","lap":"32","position":"19","time":"1:47.951","milliseconds":"107951"}
{"raceId":"1101","driverId":"842","lap":"33","position":"18","time":"1:46.903","milliseconds":"106903"}
{"raceId":"1101","driverId":"842","lap":"34","position":"18","time":"1:46.481","milliseconds":"106481"}
{"raceId":"1101","driverId":"842","lap":"35","position":"18","time":"1:46.639","milliseconds":"106639"}
{"raceId":"1101","driverId":"842","lap":"36","position":"17","time":"1:46.540","milliseconds":"106540"}
{"raceId":"1101","driverId":"842","lap":"37","position":"17","time":"1:46.491","milliseconds":"106491"}
{"raceId":"1101","driverId":"842","lap":"38","position":"17","time":"1:47.075","milliseconds":"107075"}
{"raceId":"1101","driverId":"842","lap":"39","position":"17","time":"1:47.215","milliseconds":"107215"}
{"raceId":"1101","driverId":"842","lap":"40","position":"17","time":"1:47.919","milliseconds":"107919"}
{"raceId":"1101","driverId":"842","lap":"41","position":"17","time":"1:47.206","milliseconds":"107206"}
{"raceId":"1101","driverId":"842","lap":"42","position":"17","time":"1:47.076","milliseconds":"107076"}
{"raceId":"1101","driverId":"842","lap":"43","position":"16","time":"1:46.863","milliseconds":"106863"}
{"raceId":"1101","driverId":"842","lap":"44","position":"16","time":"1:46.048","milliseconds":"106048"}
{"raceId":"1101","driverId":"842","lap":"45","position":"16","time":"1:45.915","milliseconds":"105915"}
{"raceId":"1101","driverId":"842","lap":"46","position":"16","time":"1:45.776","milliseconds":"105776"}
{"raceId":"1101","driverId":"842","lap":"47","position":"16","time":"1:45.540","milliseconds":"105540"}
{"raceId":"1101","driverId":"842","lap":"48","position":"16","time":"1:45.556","milliseconds":"105556"}
{"raceId":"1101","driverId":"842","lap":"49","position":"15","time":"1:45.582","milliseconds":"105582"}
{"raceId":"1101","driverId":"842","lap":"50","position":"15","time":"1:45.599","milliseconds":"105599"}
{"raceId":"1101","driverId":"842","lap":"51","position":"14","time":"1:45.899","milliseconds":"105899"}
{"raceId":"1101","driverId":"855","lap":"1","position":"16","time":"2:00.491","milliseconds":"120491"}
{"raceId":"1101","driverId":"855","lap":"2","position":"16","time":"1:50.144","milliseconds":"110144"}
{"raceId":"1101","driverId":"855","lap":"3","position":"16","time":"1:49.313","milliseconds":"109313"}
{"raceId":"1101","driverId":"855","lap":"4","position":"16","time":"1:49.096","milliseconds":"109096"}
{"raceId":"1101","driverId":"855","lap":"5","position":"15","time":"1:49.152","milliseconds":"109152"}
{"raceId":"1101","driverId":"855","lap":"6","position":"15","time":"1:49.307","milliseconds":"109307"}
{"raceId":"1101","driverId":"855","lap":"7","position":"15","time":"1:49.112","milliseconds":"109112"}
{"raceId":"1101","driverId":"855","lap":"8","position":"13","time":"1:49.251","milliseconds":"109251"}
{"raceId":"1101","driverId":"855","lap":"9","position":"11","time":"1:49.363","milliseconds":"109363"}
{"raceId":"1101","driverId":"855","lap":"10","position":"8","time":"1:49.532","milliseconds":"109532"}
{"raceId":"1101","driverId":"855","lap":"11","position":"8","time":"2:35.375","milliseconds":"155375"}
{"raceId":"1101","driverId":"855","lap":"12","position":"14","time":"2:34.171","milliseconds":"154171"}
{"raceId":"1101","driverId":"855","lap":"13","position":"14","time":"2:29.111","milliseconds":"149111"}
{"raceId":"1101","driverId":"855","lap":"14","position":"16","time":"1:54.037","milliseconds":"114037"}
{"raceId":"1101","driverId":"855","lap":"15","position":"16","time":"1:49.022","milliseconds":"109022"}
{"raceId":"1101","driverId":"855","lap":"16","position":"16","time":"1:48.274","milliseconds":"108274"}
{"raceId":"1101","driverId":"855","lap":"17","position":"16","time":"1:48.444","milliseconds":"108444"}
{"raceId":"1101","driverId":"855","lap":"18","position":"16","time":"1:47.830","milliseconds":"107830"}
{"raceId":"1101","driverId":"855","lap":"19","position":"17","time":"1:49.470","milliseconds":"109470"}
{"raceId":"1101","driverId":"855","lap":"20","position":"17","time":"1:48.394","milliseconds":"108394"}
{"raceId":"1101","driverId":"855","lap":"21","position":"17","time":"1:48.280","milliseconds":"108280"}
{"raceId":"1101","driverId":"855","lap":"22","position":"17","time":"1:48.371","milliseconds":"108371"}
{"raceId":"1101","driverId":"855","lap":"23","position":"17","time":"1:48.602","milliseconds":"108602"}
{"raceId":"1101","driverId":"855","lap":"24","position":"16","time":"1:48.374","milliseconds":"108374"}
{"raceId":"1101","driverId":"855","lap":"25","position":"16","time":"1:48.105","milliseconds":"108105"}
{"raceId":"1101","driverId":"855","lap":"26","position":"16","time":"1:47.952","milliseconds":"107952"}
{"raceId":"1101","driverId":"855","lap":"27","position":"16","time":"1:48.066","milliseconds":"108066"}
{"raceId":"1101","driverId":"855","lap":"28","position":"16","time":"1:48.055","milliseconds":"108055"}
{"raceId":"1101","driverId":"855","lap":"29","position":"16","time":"1:47.934","milliseconds":"107934"}
{"raceId":"1101","driverId":"855","lap":"30","position":"16","time":"1:48.071","milliseconds":"108071"}
{"raceId":"1101","driverId":"855","lap":"31","position":"16","time":"1:47.553","milliseconds":"107553"}
{"raceId":"1101","driverId":"855","lap":"32","position":"16","time":"1:47.617","milliseconds":"107617"}
{"raceId":"1101","driverId":"855","lap":"33","position":"16","time":"1:47.662","milliseconds":"107662"}
{"raceId":"1101","driverId":"855","lap":"34","position":"16","time":"1:47.627","milliseconds":"107627"}
{"raceId":"1101","driverId":"855","lap":"35","position":"16","time":"1:47.587","milliseconds":"107587"}
{"raceId":"1101","driverId":"855","lap":"36","position":"18","time":"1:53.661","milliseconds":"113661"}
{"raceId":"1101","driverId":"856","lap":"1","position":"17","time":"2:01.057","milliseconds":"121057"}
{"raceId":"1101","driverId":"856","lap":"2","position":"17","time":"1:50.431","milliseconds":"110431"}
{"raceId":"1101","driverId":"856","lap":"3","position":"17","time":"1:49.365","milliseconds":"109365"}
{"raceId":"1101","driverId":"856","lap":"4","position":"17","time":"1:48.781","milliseconds":"108781"}
{"raceId":"1101","driverId":"856","lap":"5","position":"16","time":"1:48.948","milliseconds":"108948"}
{"raceId":"1101","driverId":"856","lap":"6","position":"16","time":"1:49.337","milliseconds":"109337"}
{"raceId":"1101","driverId":"856","lap":"7","position":"16","time":"1:49.118","milliseconds":"109118"}
{"raceId":"1101","driverId":"856","lap":"8","position":"14","time":"1:49.353","milliseconds":"109353"}
{"raceId":"1101","driverId":"856","lap":"9","position":"12","time":"1:49.253","milliseconds":"109253"}
{"raceId":"1101","driverId":"822","lap":"1","position":"18","time":"2:02.059","milliseconds":"122059"}
{"raceId":"1101","driverId":"822","lap":"2","position":"18","time":"1:50.064","milliseconds":"110064"}
{"raceId":"1101","driverId":"822","lap":"3","position":"18","time":"1:49.439","milliseconds":"109439"}
{"raceId":"1101","driverId":"822","lap":"4","position":"18","time":"1:48.992","milliseconds":"108992"}
{"raceId":"1101","driverId":"822","lap":"5","position":"17","time":"1:49.019","milliseconds":"109019"}
{"raceId":"1101","driverId":"822","lap":"6","position":"19","time":"1:53.204","milliseconds":"113204"}
{"raceId":"1101","driverId":"822","lap":"7","position":"20","time":"2:04.955","milliseconds":"124955"}
{"raceId":"1101","driverId":"822","lap":"8","position":"20","time":"1:48.297","milliseconds":"108297"}
{"raceId":"1101","driverId":"822","lap":"9","position":"20","time":"1:49.739","milliseconds":"109739"}
{"raceId":"1101","driverId":"822","lap":"10","position":"19","time":"2:04.641","milliseconds":"124641"}
{"raceId":"1101","driverId":"822","lap":"11","position":"19","time":"2:32.613","milliseconds":"152613"}
{"raceId":"1101","driverId":"822","lap":"12","position":"19","time":"2:13.014","milliseconds":"133014"}
{"raceId":"1101","driverId":"822","lap":"13","position":"19","time":"2:20.098","milliseconds":"140098"}
{"raceId":"1101","driverId":"822","lap":"14","position":"19","time":"1:53.128","milliseconds":"113128"}
{"raceId":"1101","driverId":"822","lap":"15","position":"19","time":"1:49.679","milliseconds":"109679"}
{"raceId":"1101","driverId":"822","lap":"16","position":"19","time":"1:48.513","milliseconds":"108513"}
{"raceId":"1101","driverId":"822","lap":"17","position":"19","time":"1:48.769","milliseconds":"108769"}
{"raceId":"1101","driverId":"822","lap":"18","position":"19","time":"1:48.460","milliseconds":"108460"}
{"raceId":"1101","driverId":"822","lap":"19","position":"19","time":"1:48.853","milliseconds":"108853"}
{"raceId":"1101","driverId":"822","lap":"20","position":"19","time":"1:48.280","milliseconds":"108280"}
{"raceId":"1101","driverId":"822","lap":"21","position":"19","time":"1:48.319","milliseconds":"108319"}
{"raceId":"1101","driverId":"822","lap":"22","position":"19","time":"1:48.316","milliseconds":"108316"}
{"raceId":"1101","driverId":"822","lap":"23","position":"19","time":"1:48.097","milliseconds":"108097"}
{"raceId":"1101","driverId":"822","lap":"24","position":"18","time":"1:48.320","milliseconds":"108320"}
{"raceId":"1101","driverId":"822","lap":"25","position":"18","time":"1:48.039","milliseconds":"108039"}
{"raceId":"1101","driverId":"822","lap":"26","position":"18","time":"1:48.552","milliseconds":"108552"}
{"raceId":"1101","driverId":"822","lap":"27","position":"18","time":"1:48.333","milliseconds":"108333"}
{"raceId":"1101","driverId":"822","lap":"28","position":"18","time":"1:49.576","milliseconds":"109576"}
{"raceId":"1101","driverId":"822","lap":"29","position":"18","time":"1:48.065","milliseconds":"108065"}
{"raceId":"1101","driverId":"822","lap":"30","position":"18","time":"1:47.849","milliseconds":"107849"}
{"raceId":"1101","driverId":"822","lap":"31","position":"18","time":"1:47.971","milliseconds":"107971"}
{"raceId":"1101","driverId":"822","lap":"32","position":"18","time":"1:48.046","milliseconds":"108046"}
{"raceId":"1101","driverId":"822","lap":"33","position":"19","time":"1:49.361","milliseconds":"109361"}
{"raceId":"1101","driverId":"822","lap":"34","position":"19","time":"1:51.998","milliseconds":"111998"}
{"raceId":"1101","driverId":"822","lap":"35","position":"19","time":"2:04.784","milliseconds":"124784"}
{"raceId":"1101","driverId":"822","lap":"36","position":"19","time":"1:46.304","milliseconds":"106304"}
{"raceId":"1101","driverId":"822","lap":"37","position":"18","time":"1:46.722","milliseconds":"106722"}
{"raceId":"1101","driverId":"822","lap":"38","position":"18","time":"1:46.823","milliseconds":"106823"}
{"raceId":"1101","driverId":"822","lap":"39","position":"18","time":"1:47.213","milliseconds":"107213"}
{"raceId":"1101","driverId":"822","lap":"40","position":"18","time":"1:46.841","milliseconds":"106841"}
{"raceId":"1101","driverId":"822","lap":"41","position":"18","time":"1:47.199","milliseconds":"107199"}
{"raceId":"1101","driverId":"822","lap":"42","position":"18","time":"1:48.026","milliseconds":"108026"}
{"raceId":"1101","driverId":"822","lap":"43","position":"18","time":"1:48.059","milliseconds":"108059"}
{"raceId":"1101","driverId":"822","lap":"44","position":"18","time":"1:46.864","milliseconds":"106864"}
{"raceId":"1101","driverId":"822","lap":"45","position":"18","time":"1:46.699","milliseconds":"106699"}
{"raceId":"1101","driverId":"822","lap":"46","position":"18","time":"1:46.599","milliseconds":"106599"}
{"raceId":"1101","driverId":"822","lap":"47","position":"18","time":"1:46.688","milliseconds":"106688"}
{"raceId":"1101","driverId":"822","lap":"48","position":"18","time":"1:46.754","milliseconds":"106754"}
{"raceId":"1101","driverId":"822","lap":"49","position":"18","time":"1:46.649","milliseconds":"106649"}
{"raceId":"1101","driverId":"822","lap":"50","position":"18","time":"1:46.652","milliseconds":"106652"}
{"raceId":"1101","driverId":"839","lap":"1","position":"19","time":"2:02.501","milliseconds":"122501"}
{"raceId":"1101","driverId":"839","lap":"2","position":"19","time":"1:50.023","milliseconds":"110023"}
{"raceId":"1101","driverId":"839","lap":"3","position":"19","time":"1:49.485","milliseconds":"109485"}
{"raceId":"1101","driverId":"839","lap":"4","position":"19","time":"1:49.023","milliseconds":"109023"}
{"raceId":"1101","driverId":"839","lap":"5","position":"18","time":"1:49.005","milliseconds":"109005"}
{"raceId":"1101","driverId":"839","lap":"6","position":"17","time":"1:49.117","milliseconds":"109117"}
{"raceId":"1101","driverId":"839","lap":"7","position":"17","time":"1:48.571","milliseconds":"108571"}
{"raceId":"1101","driverId":"839","lap":"8","position":"15","time":"1:49.196","milliseconds":"109196"}
{"raceId":"1101","driverId":"839","lap":"9","position":"13","time":"1:49.081","milliseconds":"109081"}
{"raceId":"1101","driverId":"839","lap":"10","position":"9","time":"1:55.103","milliseconds":"115103"}
{"raceId":"1101","driverId":"839","lap":"11","position":"9","time":"2:30.006","milliseconds":"150006"}
{"raceId":"1101","driverId":"839","lap":"12","position":"8","time":"2:24.487","milliseconds":"144487"}
{"raceId":"1101","driverId":"839","lap":"13","position":"8","time":"2:36.580","milliseconds":"156580"}
{"raceId":"1101","driverId":"839","lap":"14","position":"9","time":"1:51.269","milliseconds":"111269"}
{"raceId":"1101","driverId":"839","lap":"15","position":"9","time":"1:48.156","milliseconds":"108156"}
{"raceId":"1101","driverId":"839","lap":"16","position":"9","time":"1:47.633","milliseconds":"107633"}
{"raceId":"1101","driverId":"839","lap":"17","position":"9","time":"1:47.681","milliseconds":"107681"}
{"raceId":"1101","driverId":"839","lap":"18","position":"9","time":"1:47.454","milliseconds":"107454"}
{"raceId":"1101","driverId":"839","lap":"19","position":"9","time":"1:47.656","milliseconds":"107656"}
{"raceId":"1101","driverId":"839","lap":"20","position":"9","time":"1:47.586","milliseconds":"107586"}
{"raceId":"1101","driverId":"839","lap":"21","position":"9","time":"1:47.553","milliseconds":"107553"}
{"raceId":"1101","driverId":"839","lap":"22","position":"9","time":"1:48.172","milliseconds":"108172"}
{"raceId":"1101","driverId":"839","lap":"23","position":"9","time":"1:48.978","milliseconds":"108978"}
{"raceId":"1101","driverId":"839","lap":"24","position":"9","time":"1:47.880","milliseconds":"107880"}
{"raceId":"1101","driverId":"839","lap":"25","position":"9","time":"1:48.055","milliseconds":"108055"}
{"raceId":"1101","driverId":"839","lap":"26","position":"9","time":"1:47.604","milliseconds":"107604"}
{"raceId":"1101","driverId":"839","lap":"27","position":"9","time":"1:47.782","milliseconds":"107782"}
{"raceId":"1101","driverId":"839","lap":"28","position":"9","time":"1:47.665","milliseconds":"107665"}
{"raceId":"1101","driverId":"839","lap":"29","position":"9","time":"1:47.834","milliseconds":"107834"}
{"raceId":"1101","driverId":"839","lap":"30","position":"9","time":"1:47.451","milliseconds":"107451"}
{"raceId":"1101","driverId":"839","lap":"31","position":"9","time":"1:47.324","milliseconds":"107324"}
{"raceId":"1101","driverId":"839","lap":"32","position":"9","time":"1:47.232","milliseconds":"107232"}
{"raceId":"1101","driverId":"839","lap":"33","position":"9","time":"1:47.090","milliseconds":"107090"}
{"raceId":"1101","driverId":"839","lap":"34","position":"9","time":"1:47.074","milliseconds":"107074"}
{"raceId":"1101","driverId":"839","lap":"35","position":"9","time":"1:47.028","milliseconds":"107028"}
{"raceId":"1101","driverId":"839","lap":"36","position":"9","time":"1:47.293","milliseconds":"107293"}
{"raceId":"1101","driverId":"839","lap":"37","position":"9","time":"1:46.719","milliseconds":"106719"}
{"raceId":"1101","driverId":"839","lap":"38","position":"9","time":"1:46.607","milliseconds":"106607"}
{"raceId":"1101","driverId":"839","lap":"39","position":"9","time":"1:46.897","milliseconds":"106897"}
{"raceId":"1101","driverId":"839","lap":"40","position":"9","time":"1:46.893","milliseconds":"106893"}
{"raceId":"1101","driverId":"839","lap":"41","position":"9","time":"1:46.826","milliseconds":"106826"}
{"raceId":"1101","driverId":"839","lap":"42","position":"9","time":"1:46.700","milliseconds":"106700"}
{"raceId":"1101","driverId":"839","lap":"43","position":"9","time":"1:46.784","milliseconds":"106784"}
{"raceId":"1101","driverId":"839","lap":"44","position":"9","time":"1:46.669","milliseconds":"106669"}
{"raceId":"1101","driverId":"839","lap":"45","position":"9","time":"1:46.871","milliseconds":"106871"}
{"raceId":"1101","driverId":"839","lap":"46","position":"9","time":"1:46.606","milliseconds":"106606"}
{"raceId":"1101","driverId":"839","lap":"47","position":"9","time":"1:46.527","milliseconds":"106527"}
{"raceId":"1101","driverId":"839","lap":"48","position":"9","time":"1:46.414","milliseconds":"106414"}
{"raceId":"1101","driverId":"839","lap":"49","position":"9","time":"1:45.908","milliseconds":"105908"}
{"raceId":"1101","driverId":"839","lap":"50","position":"10","time":"1:50.932","milliseconds":"110932"}
{"raceId":"1101","driverId":"839","lap":"51","position":"15","time":"2:01.249","milliseconds":"121249"}
{"raceId":"1101","driverId":"807","lap":"1","position":"20","time":"2:02.623","milliseconds":"122623"}
{"raceId":"1101","driverId":"807","lap":"2","position":"20","time":"1:50.227","milliseconds":"110227"}
{"raceId":"1101","driverId":"807","lap":"3","position":"20","time":"1:50.097","milliseconds":"110097"}
{"raceId":"1101","driverId":"807","lap":"4","position":"20","time":"1:48.731","milliseconds":"108731"}
{"raceId":"1101","driverId":"807","lap":"5","position":"20","time":"1:49.331","milliseconds":"109331"}
{"raceId":"1101","driverId":"807","lap":"6","position":"18","time":"1:49.033","milliseconds":"109033"}
{"raceId":"1101","driverId":"807","lap":"7","position":"18","time":"1:48.557","milliseconds":"108557"}
{"raceId":"1101","driverId":"807","lap":"8","position":"16","time":"1:48.667","milliseconds":"108667"}
{"raceId":"1101","driverId":"807","lap":"9","position":"14","time":"1:49.303","milliseconds":"109303"}
{"raceId":"1101","driverId":"807","lap":"10","position":"10","time":"1:55.368","milliseconds":"115368"}
{"raceId":"1101","driverId":"807","lap":"11","position":"10","time":"2:30.611","milliseconds":"150611"}
{"raceId":"1101","driverId":"807","lap":"12","position":"9","time":"2:24.365","milliseconds":"144365"}
{"raceId":"1101","driverId":"807","lap":"13","position":"9","time":"2:35.555","milliseconds":"155555"}
{"raceId":"1101","driverId":"807","lap":"14","position":"10","time":"1:51.284","milliseconds":"111284"}
{"raceId":"1101","driverId":"807","lap":"15","position":"10","time":"1:48.266","milliseconds":"108266"}
{"raceId":"1101","driverId":"807","lap":"16","position":"10","time":"1:47.824","milliseconds":"107824"}
{"raceId":"1101","driverId":"807","lap":"17","position":"10","time":"1:47.529","milliseconds":"107529"}
{"raceId":"1101","driverId":"807","lap":"18","position":"10","time":"1:47.528","milliseconds":"107528"}
{"raceId":"1101","driverId":"807","lap":"19","position":"10","time":"1:47.721","milliseconds":"107721"}
{"raceId":"1101","driverId":"807","lap":"20","position":"10","time":"1:47.967","milliseconds":"107967"}
{"raceId":"1101","driverId":"807","lap":"21","position":"10","time":"1:47.639","milliseconds":"107639"}
{"raceId":"1101","driverId":"807","lap":"22","position":"10","time":"1:47.610","milliseconds":"107610"}
{"raceId":"1101","driverId":"807","lap":"23","position":"10","time":"1:48.825","milliseconds":"108825"}
{"raceId":"1101","driverId":"807","lap":"24","position":"10","time":"1:48.101","milliseconds":"108101"}
{"raceId":"1101","driverId":"807","lap":"25","position":"10","time":"1:47.970","milliseconds":"107970"}
{"raceId":"1101","driverId":"807","lap":"26","position":"10","time":"1:47.677","milliseconds":"107677"}
{"raceId":"1101","driverId":"807","lap":"27","position":"10","time":"1:48.497","milliseconds":"108497"}
{"raceId":"1101","driverId":"807","lap":"28","position":"10","time":"1:47.706","milliseconds":"107706"}
{"raceId":"1101","driverId":"807","lap":"29","position":"10","time":"1:47.147","milliseconds":"107147"}
{"raceId":"1101","driverId":"807","lap":"30","position":"10","time":"1:47.678","milliseconds":"107678"}
{"raceId":"1101","driverId":"807","lap":"31","position":"10","time":"1:47.428","milliseconds":"107428"}
{"raceId":"1101","driverId":"807","lap":"32","position":"10","time":"1:47.208","milliseconds":"107208"}
{"raceId":"1101","driverId":"807","lap":"33","position":"10","time":"1:47.341","milliseconds":"107341"}
{"raceId":"1101","driverId":"807","lap":"34","position":"10","time":"1:46.731","milliseconds":"106731"}
{"raceId":"1101","driverId":"807","lap":"35","position":"10","time":"1:47.138","milliseconds":"107138"}
{"raceId":"1101","driverId":"807","lap":"36","position":"10","time":"1:47.163","milliseconds":"107163"}
{"raceId":"1101","driverId":"807","lap":"37","position":"10","time":"1:46.866","milliseconds":"106866"}
{"raceId":"1101","driverId":"807","lap":"38","position":"10","time":"1:46.848","milliseconds":"106848"}
{"raceId":"1101","driverId":"807","lap":"39","position":"10","time":"1:46.742","milliseconds":"106742"}
{"raceId":"1101","driverId":"807","lap":"40","position":"10","time":"1:46.926","milliseconds":"106926"}
{"raceId":"1101","driverId":"807","lap":"41","position":"10","time":"1:46.945","milliseconds":"106945"}
{"raceId":"1101","driverId":"807","lap":"42","position":"10","time":"1:46.861","milliseconds":"106861"}
{"raceId":"1101","driverId":"807","lap":"43","position":"10","time":"1:47.155","milliseconds":"107155"}
{"raceId":"1101","driverId":"807","lap":"44","position":"10","time":"1:47.123","milliseconds":"107123"}
{"raceId":"1101","driverId":"807","lap":"45","position":"11","time":"1:49.701","milliseconds":"109701"}
{"raceId":"1101","driverId":"807","lap":"46","position":"12","time":"1:47.650","milliseconds":"107650"}
{"raceId":"1101","driverId":"807","lap":"47","position":"12","time":"1:48.374","milliseconds":"108374"}
{"raceId":"1101","driverId":"807","lap":"48","position":"14","time":"1:49.008","milliseconds":"109008"}
{"raceId":"1101","driverId":"807","lap":"49","position":"16","time":"1:53.182","milliseconds":"113182"}
{"raceId":"1101","driverId":"807","lap":"50","position":"17","time":"2:06.546","milliseconds":"126546"}
