{"qualifyId":"9693","raceId":"1101","driverId":"844","constructorId":"6","number":"16","position":"1","q1":"1:41.269","q2":"1:41.037","q3":"1:40.203"}
{"qualifyId":"9694","raceId":"1101","driverId":"830","constructorId":"9","number":"1","position":"2","q1":"1:41.398","q2":"1:40.822","q3":"1:40.391"}
{"qualifyId":"9695","raceId":"1101","driverId":"815","constructorId":"9","number":"11","position":"3","q1":"1:41.756","q2":"1:41.131","q3":"1:40.495"}
{"qualifyId":"9696","raceId":"1101","driverId":"832","constructorId":"6","number":"55","position":"4","q1":"1:42.197","q2":"1:41.369","q3":"1:41.016"}
{"qualifyId":"9697","raceId":"1101","driverId":"1","constructorId":"131","number":"44","position":"5","q1":"1:42.113","q2":"1:41.650","q3":"1:41.177"}
{"qualifyId":"9698","raceId":"1101","driverId":"4","constructorId":"117","number":"14","position":"6","q1":"1:41.720","q2":"1:41.370","q3":"1:41.253"}
{"qualifyId":"9699","raceId":"1101","driverId":"846","constructorId":"1","number":"4","position":"7","q1":"1:42.154","q2":"1:41.485","q3":"1:41.281"}
{"qualifyId":"9700","raceId":"1101","driverId":"852","constructorId":"213","number":"22","position":"8","q1":"1:42.234","q2":"1:41.569","q3":"1:41.581"}
{"qualifyId":"9701","raceId":"1101","driverId":"840","constructorId":"117","number":"18","position":"9","q1":"1:42.524","q2":"1:41.576","q3":"1:41.611"}
{"qualifyId":"9702","raceId":"1101","driverId":"857","constructorId":"1","number":"81","position":"10","q1":"1:42.455","q2":"1:41.636","q3":"1:41.611"}
{"qualifyId":"9703","raceId":"1101","driverId":"847","constructorId":"131","number":"63","position":"11","q1":"1:42.073","q2":"1:41.654"}
{"qualifyId":"9704","raceId":"1101","driverId":"839","constructorId":"214","number":"31","position":"12","q1":"1:42.622","q2":"1:41.798"}
{"qualifyId":"9705","raceId":"1101","driverId":"848","constructorId":"3","number":"23","position":"13","q1":"1:42.171","q2":"1:41.818"}
{"qualifyId":"9706","raceId":"1101","driverId":"822","constructorId":"51","number":"77","position":"14","q1":"1:42.582","q2":"1:42.259"}
{"qualifyId":"9707","raceId":"1101","driverId":"858","constructorId":"3","number":"2","position":"15","q1":"1:42.242","q2":"1:42.395"}
{"qualifyId":"9708","raceId":"1101","driverId":"855","constructorId":"51","number":"24","position":"16","q1":"1:42.642"}
{"qualifyId":"9709","raceId":"1101","driverId":"807","constructorId":"210","number":"27","position":"17","q1":"1:42.755"}
{"qualifyId":"9710","raceId":"1101","driverId":"825","constructorId":"210","number":"20","position":"18","q1":"1:43.417"}
{"qualifyId":"9711","raceId":"1101","driverId":"842","constructorId":"214","number":"10","position":"19","q1":"1:44.853"}
{"qualifyId":"9712","raceId":"1101","driverId":"856","constructorId":"213","number":"21","position":"20","q1":"\\N","q2":"\\N","q3":"\\N"}
