{"qualifyId":"9633","raceId":"1098","driverId":"830","constructorId":"9","number":"1","position":"1","q1":"1:31.295","q2":"1:30.503","q3":"1:29.708"}
{"qualifyId":"9634","raceId":"1098","driverId":"815","constructorId":"9","number":"11","position":"2","q1":"1:31.479","q2":"1:30.746","q3":"1:29.846"}
{"qualifyId":"9635","raceId":"1098","driverId":"844","constructorId":"6","number":"16","position":"3","q1":"1:31.094","q2":"1:30.282","q3":"1:30.000"}
{"qualifyId":"9636","raceId":"1098","driverId":"832","constructorId":"6","number":"55","position":"4","q1":"1:30.993","q2":"1:30.515","q3":"1:30.154"}
{"qualifyId":"9637","raceId":"1098","driverId":"4","constructorId":"117","number":"14","position":"5","q1":"1:31.158","q2":"1:30.645","q3":"1:30.336"}
{"qualifyId":"9638","raceId":"1098","driverId":"847","constructorId":"131","number":"63","position":"6","q1":"1:31.057","q2":"1:30.507","q3":"1:30.340"}
{"qualifyId":"9639","raceId":"1098","driverId":"1","constructorId":"131","number":"44","position":"7","q1":"1:31.543","q2":"1:30.513","q3":"1:30.384"}
{"qualifyId":"9640","raceId":"1098","driverId":"840","constructorId":"117","number":"18","position":"8","q1":"1:31.184","q2":"1:31.127","q3":"1:30.836"}
{"qualifyId":"9641","raceId":"1098","driverId":"839","constructorId":"214","number":"31","position":"9","q1":"1:31.508","q2":"1:30.914","q3":"1:30.984"}
{"qualifyId":"9642","raceId":"1098","driverId":"807","constructorId":"210","number":"27","position":"10","q1":"1:31.204","q2":"1:30.809","q3":"\\N"}
{"qualifyId":"9643","raceId":"1098","driverId":"846","constructorId":"1","number":"4","position":"11","q1":"1:31.652","q2":"1:31.381","q3":"\\N"}
{"qualifyId":"9644","raceId":"1098","driverId":"822","constructorId":"51","number":"77","position":"12","q1":"1:31.504","q2":"1:31.443","q3":"\\N"}
{"qualifyId":"9645","raceId":"1098","driverId":"855","constructorId":"51","number":"24","position":"13","q1":"1:31.615","q2":"1:31.473","q3":"\\N"}
{"qualifyId":"9646","raceId":"1098","driverId":"852","constructorId":"213","number":"22","position":"14","q1":"1:31.400","q2":"1:32.510","q3":"\\N"}
{"qualifyId":"9647","raceId":"1098","driverId":"848","constructorId":"3","number":"23","position":"15","q1":"1:31.461","q2":"\\N","q3":"\\N"}
{"qualifyId":"9648","raceId":"1098","driverId":"858","constructorId":"3","number":"2","position":"16","q1":"1:31.652","q2":"\\N","q3":"\\N"}
{"qualifyId":"9649","raceId":"1098","driverId":"825","constructorId":"210","number":"20","position":"17","q1":"1:31.892","q2":"\\N","q3":"\\N"}
{"qualifyId":"9650","raceId":"1098","driverId":"857","constructorId":"1","number":"81","position":"18","q1":"1:32.101","q2":"\\N","q3":"\\N"}
{"qualifyId":"9651","raceId":"1098","driverId":"856","constructorId":"213","number":"21","position":"19","q1":"1:32.121","q2":"\\N","q3":"\\N"}
{"qualifyId":"9652","raceId":"1098","driverId":"842","constructorId":"214","number":"10","position":"20","q1":"1:32.181","q2":"\\N","q3":"\\N"}
