{"raceId":"1099","driverId":"4","lap":"1","position":"1","time":"1:36.851","milliseconds":"96851"}
{"raceId":"1099","driverId":"4","lap":"2","position":"1","time":"1:35.567","milliseconds":"95567"}
{"raceId":"1099","driverId":"4","lap":"3","position":"1","time":"1:35.140","milliseconds":"95140"}
{"raceId":"1099","driverId":"4","lap":"4","position":"2","time":"1:36.664","milliseconds":"96664"}
{"raceId":"1099","driverId":"4","lap":"5","position":"2","time":"1:34.920","milliseconds":"94920"}
{"raceId":"1099","driverId":"4","lap":"6","position":"2","time":"1:34.658","milliseconds":"94658"}
{"raceId":"1099","driverId":"4","lap":"7","position":"2","time":"1:34.422","milliseconds":"94422"}
{"raceId":"1099","driverId":"4","lap":"8","position":"2","time":"1:34.398","milliseconds":"94398"}
{"raceId":"1099","driverId":"4","lap":"9","position":"2","time":"1:34.400","milliseconds":"94400"}
{"raceId":"1099","driverId":"4","lap":"10","position":"2","time":"1:34.835","milliseconds":"94835"}
{"raceId":"1099","driverId":"4","lap":"11","position":"2","time":"1:34.982","milliseconds":"94982"}
{"raceId":"1099","driverId":"4","lap":"12","position":"2","time":"1:34.927","milliseconds":"94927"}
{"raceId":"1099","driverId":"4","lap":"13","position":"2","time":"1:34.918","milliseconds":"94918"}
{"raceId":"1099","driverId":"4","lap":"14","position":"2","time":"1:34.837","milliseconds":"94837"}
{"raceId":"1099","driverId":"4","lap":"15","position":"2","time":"1:34.717","milliseconds":"94717"}
{"raceId":"1099","driverId":"4","lap":"16","position":"2","time":"1:34.842","milliseconds":"94842"}
{"raceId":"1099","driverId":"4","lap":"17","position":"2","time":"1:34.595","milliseconds":"94595"}
{"raceId":"1099","driverId":"4","lap":"18","position":"2","time":"2:09.623","milliseconds":"129623"}
{"raceId":"1099","driverId":"4","lap":"19","position":"2","time":"3:04.156","milliseconds":"184156"}
{"raceId":"1099","driverId":"4","lap":"20","position":"2","time":"2:39.344","milliseconds":"159344"}
{"raceId":"1099","driverId":"4","lap":"21","position":"2","time":"1:36.033","milliseconds":"96033"}
{"raceId":"1099","driverId":"4","lap":"22","position":"2","time":"1:34.738","milliseconds":"94738"}
{"raceId":"1099","driverId":"4","lap":"23","position":"2","time":"1:34.771","milliseconds":"94771"}
{"raceId":"1099","driverId":"4","lap":"24","position":"2","time":"1:34.836","milliseconds":"94836"}
{"raceId":"1099","driverId":"4","lap":"25","position":"3","time":"1:34.136","milliseconds":"94136"}
{"raceId":"1099","driverId":"4","lap":"26","position":"3","time":"1:34.119","milliseconds":"94119"}
{"raceId":"1099","driverId":"4","lap":"27","position":"3","time":"1:34.246","milliseconds":"94246"}
{"raceId":"1099","driverId":"4","lap":"28","position":"3","time":"1:34.062","milliseconds":"94062"}
{"raceId":"1099","driverId":"4","lap":"29","position":"3","time":"1:33.988","milliseconds":"93988"}
{"raceId":"1099","driverId":"4","lap":"30","position":"3","time":"1:33.654","milliseconds":"93654"}
{"raceId":"1099","driverId":"4","lap":"31","position":"3","time":"1:33.605","milliseconds":"93605"}
{"raceId":"1099","driverId":"4","lap":"32","position":"3","time":"1:33.401","milliseconds":"93401"}
{"raceId":"1099","driverId":"4","lap":"33","position":"3","time":"1:33.337","milliseconds":"93337"}
{"raceId":"1099","driverId":"4","lap":"34","position":"3","time":"1:33.220","milliseconds":"93220"}
{"raceId":"1099","driverId":"4","lap":"35","position":"3","time":"1:33.514","milliseconds":"93514"}
{"raceId":"1099","driverId":"4","lap":"36","position":"3","time":"1:33.323","milliseconds":"93323"}
{"raceId":"1099","driverId":"4","lap":"37","position":"3","time":"1:33.175","milliseconds":"93175"}
{"raceId":"1099","driverId":"4","lap":"38","position":"3","time":"1:33.174","milliseconds":"93174"}
{"raceId":"1099","driverId":"4","lap":"39","position":"3","time":"1:33.249","milliseconds":"93249"}
{"raceId":"1099","driverId":"4","lap":"40","position":"3","time":"1:32.768","milliseconds":"92768"}
{"raceId":"1099","driverId":"4","lap":"41","position":"3","time":"1:33.127","milliseconds":"93127"}
{"raceId":"1099","driverId":"4","lap":"42","position":"3","time":"1:33.156","milliseconds":"93156"}
{"raceId":"1099","driverId":"4","lap":"43","position":"3","time":"1:33.207","milliseconds":"93207"}
{"raceId":"1099","driverId":"4","lap":"44","position":"3","time":"1:33.189","milliseconds":"93189"}
{"raceId":"1099","driverId":"4","lap":"45","position":"3","time":"1:33.075","milliseconds":"93075"}
{"raceId":"1099","driverId":"4","lap":"46","position":"3","time":"1:32.979","milliseconds":"92979"}
{"raceId":"1099","driverId":"4","lap":"47","position":"3","time":"1:32.887","milliseconds":"92887"}
{"raceId":"1099","driverId":"4","lap":"48","position":"3","time":"1:32.802","milliseconds":"92802"}
{"raceId":"1099","driverId":"4","lap":"49","position":"3","time":"1:32.815","milliseconds":"92815"}
{"raceId":"1099","driverId":"4","lap":"50","position":"3","time":"1:32.240","milliseconds":"92240"}
{"raceId":"1099","driverId":"815","lap":"1","position":"2","time":"1:37.257","milliseconds":"97257"}
{"raceId":"1099","driverId":"815","lap":"2","position":"2","time":"1:35.906","milliseconds":"95906"}
{"raceId":"1099","driverId":"815","lap":"3","position":"2","time":"1:34.829","milliseconds":"94829"}
{"raceId":"1099","driverId":"815","lap":"4","position":"1","time":"1:35.651","milliseconds":"95651"}
{"raceId":"1099","driverId":"815","lap":"5","position":"1","time":"1:34.873","milliseconds":"94873"}
{"raceId":"1099","driverId":"815","lap":"6","position":"1","time":"1:34.621","milliseconds":"94621"}
{"raceId":"1099","driverId":"815","lap":"7","position":"1","time":"1:34.277","milliseconds":"94277"}
{"raceId":"1099","driverId":"815","lap":"8","position":"1","time":"1:34.477","milliseconds":"94477"}
{"raceId":"1099","driverId":"815","lap":"9","position":"1","time":"1:34.255","milliseconds":"94255"}
{"raceId":"1099","driverId":"815","lap":"10","position":"1","time":"1:34.106","milliseconds":"94106"}
{"raceId":"1099","driverId":"815","lap":"11","position":"1","time":"1:34.075","milliseconds":"94075"}
{"raceId":"1099","driverId":"815","lap":"12","position":"1","time":"1:34.160","milliseconds":"94160"}
{"raceId":"1099","driverId":"815","lap":"13","position":"1","time":"1:34.263","milliseconds":"94263"}
{"raceId":"1099","driverId":"815","lap":"14","position":"1","time":"1:34.409","milliseconds":"94409"}
{"raceId":"1099","driverId":"815","lap":"15","position":"1","time":"1:34.392","milliseconds":"94392"}
{"raceId":"1099","driverId":"815","lap":"16","position":"1","time":"1:34.190","milliseconds":"94190"}
{"raceId":"1099","driverId":"815","lap":"17","position":"1","time":"1:33.961","milliseconds":"93961"}
{"raceId":"1099","driverId":"815","lap":"18","position":"1","time":"2:07.357","milliseconds":"127357"}
{"raceId":"1099","driverId":"815","lap":"19","position":"1","time":"3:10.334","milliseconds":"190334"}
{"raceId":"1099","driverId":"815","lap":"20","position":"1","time":"2:40.799","milliseconds":"160799"}
{"raceId":"1099","driverId":"815","lap":"21","position":"1","time":"1:34.557","milliseconds":"94557"}
{"raceId":"1099","driverId":"815","lap":"22","position":"1","time":"1:33.895","milliseconds":"93895"}
{"raceId":"1099","driverId":"815","lap":"23","position":"1","time":"1:33.464","milliseconds":"93464"}
{"raceId":"1099","driverId":"815","lap":"24","position":"1","time":"1:33.440","milliseconds":"93440"}
{"raceId":"1099","driverId":"815","lap":"25","position":"1","time":"1:33.426","milliseconds":"93426"}
{"raceId":"1099","driverId":"815","lap":"26","position":"1","time":"1:33.072","milliseconds":"93072"}
{"raceId":"1099","driverId":"815","lap":"27","position":"1","time":"1:32.891","milliseconds":"92891"}
{"raceId":"1099","driverId":"815","lap":"28","position":"1","time":"1:33.025","milliseconds":"93025"}
{"raceId":"1099","driverId":"815","lap":"29","position":"1","time":"1:32.726","milliseconds":"92726"}
{"raceId":"1099","driverId":"815","lap":"30","position":"1","time":"1:32.726","milliseconds":"92726"}
{"raceId":"1099","driverId":"815","lap":"31","position":"1","time":"1:32.554","milliseconds":"92554"}
{"raceId":"1099","driverId":"815","lap":"32","position":"1","time":"1:32.498","milliseconds":"92498"}
{"raceId":"1099","driverId":"815","lap":"33","position":"1","time":"1:32.550","milliseconds":"92550"}
{"raceId":"1099","driverId":"815","lap":"34","position":"1","time":"1:32.294","milliseconds":"92294"}
{"raceId":"1099","driverId":"815","lap":"35","position":"1","time":"1:32.680","milliseconds":"92680"}
{"raceId":"1099","driverId":"815","lap":"36","position":"1","time":"1:32.292","milliseconds":"92292"}
{"raceId":"1099","driverId":"815","lap":"37","position":"1","time":"1:32.638","milliseconds":"92638"}
{"raceId":"1099","driverId":"815","lap":"38","position":"1","time":"1:32.188","milliseconds":"92188"}
{"raceId":"1099","driverId":"815","lap":"39","position":"1","time":"1:33.190","milliseconds":"93190"}
{"raceId":"1099","driverId":"815","lap":"40","position":"1","time":"1:32.830","milliseconds":"92830"}
{"raceId":"1099","driverId":"815","lap":"41","position":"1","time":"1:32.637","milliseconds":"92637"}
{"raceId":"1099","driverId":"815","lap":"42","position":"1","time":"1:32.235","milliseconds":"92235"}
{"raceId":"1099","driverId":"815","lap":"43","position":"1","time":"1:32.308","milliseconds":"92308"}
{"raceId":"1099","driverId":"815","lap":"44","position":"1","time":"1:32.267","milliseconds":"92267"}
{"raceId":"1099","driverId":"815","lap":"45","position":"1","time":"1:32.419","milliseconds":"92419"}
{"raceId":"1099","driverId":"815","lap":"46","position":"1","time":"1:32.933","milliseconds":"92933"}
{"raceId":"1099","driverId":"815","lap":"47","position":"1","time":"1:32.895","milliseconds":"92895"}
{"raceId":"1099","driverId":"815","lap":"48","position":"1","time":"1:33.075","milliseconds":"93075"}
{"raceId":"1099","driverId":"815","lap":"49","position":"1","time":"1:33.306","milliseconds":"93306"}
{"raceId":"1099","driverId":"815","lap":"50","position":"1","time":"1:33.691","milliseconds":"93691"}
{"raceId":"1099","driverId":"847","lap":"1","position":"3","time":"1:38.652","milliseconds":"98652"}
{"raceId":"1099","driverId":"847","lap":"2","position":"3","time":"1:36.114","milliseconds":"96114"}
{"raceId":"1099","driverId":"847","lap":"3","position":"3","time":"1:35.300","milliseconds":"95300"}
{"raceId":"1099","driverId":"847","lap":"4","position":"3","time":"1:35.596","milliseconds":"95596"}
{"raceId":"1099","driverId":"847","lap":"5","position":"3","time":"1:35.423","milliseconds":"95423"}
{"raceId":"1099","driverId":"847","lap":"6","position":"3","time":"1:35.477","milliseconds":"95477"}
{"raceId":"1099","driverId":"847","lap":"7","position":"3","time":"1:35.256","milliseconds":"95256"}
{"raceId":"1099","driverId":"847","lap":"8","position":"3","time":"1:35.157","milliseconds":"95157"}
{"raceId":"1099","driverId":"847","lap":"9","position":"3","time":"1:35.890","milliseconds":"95890"}
{"raceId":"1099","driverId":"847","lap":"10","position":"3","time":"1:35.265","milliseconds":"95265"}
{"raceId":"1099","driverId":"847","lap":"11","position":"3","time":"1:35.400","milliseconds":"95400"}
{"raceId":"1099","driverId":"847","lap":"12","position":"3","time":"1:35.283","milliseconds":"95283"}
{"raceId":"1099","driverId":"847","lap":"13","position":"3","time":"1:35.043","milliseconds":"95043"}
{"raceId":"1099","driverId":"847","lap":"14","position":"3","time":"1:34.940","milliseconds":"94940"}
{"raceId":"1099","driverId":"847","lap":"15","position":"3","time":"1:34.946","milliseconds":"94946"}
{"raceId":"1099","driverId":"847","lap":"16","position":"3","time":"1:35.120","milliseconds":"95120"}
{"raceId":"1099","driverId":"847","lap":"17","position":"3","time":"1:34.892","milliseconds":"94892"}
{"raceId":"1099","driverId":"847","lap":"18","position":"3","time":"2:12.217","milliseconds":"132217"}
{"raceId":"1099","driverId":"847","lap":"19","position":"3","time":"2:55.488","milliseconds":"175488"}
{"raceId":"1099","driverId":"847","lap":"20","position":"3","time":"2:37.575","milliseconds":"157575"}
{"raceId":"1099","driverId":"847","lap":"21","position":"3","time":"1:36.802","milliseconds":"96802"}
{"raceId":"1099","driverId":"847","lap":"22","position":"3","time":"1:35.070","milliseconds":"95070"}
{"raceId":"1099","driverId":"847","lap":"23","position":"4","time":"1:34.958","milliseconds":"94958"}
{"raceId":"1099","driverId":"847","lap":"24","position":"4","time":"1:35.063","milliseconds":"95063"}
{"raceId":"1099","driverId":"847","lap":"25","position":"4","time":"1:34.106","milliseconds":"94106"}
{"raceId":"1099","driverId":"847","lap":"26","position":"4","time":"1:34.493","milliseconds":"94493"}
{"raceId":"1099","driverId":"847","lap":"27","position":"4","time":"1:34.118","milliseconds":"94118"}
{"raceId":"1099","driverId":"847","lap":"28","position":"4","time":"1:34.091","milliseconds":"94091"}
{"raceId":"1099","driverId":"847","lap":"29","position":"4","time":"1:33.688","milliseconds":"93688"}
{"raceId":"1099","driverId":"847","lap":"30","position":"4","time":"1:34.165","milliseconds":"94165"}
{"raceId":"1099","driverId":"847","lap":"31","position":"4","time":"1:33.433","milliseconds":"93433"}
{"raceId":"1099","driverId":"847","lap":"32","position":"4","time":"1:33.633","milliseconds":"93633"}
{"raceId":"1099","driverId":"847","lap":"33","position":"4","time":"1:33.520","milliseconds":"93520"}
{"raceId":"1099","driverId":"847","lap":"34","position":"4","time":"1:33.758","milliseconds":"93758"}
{"raceId":"1099","driverId":"847","lap":"35","position":"4","time":"1:33.756","milliseconds":"93756"}
{"raceId":"1099","driverId":"847","lap":"36","position":"4","time":"1:33.625","milliseconds":"93625"}
{"raceId":"1099","driverId":"847","lap":"37","position":"4","time":"1:33.524","milliseconds":"93524"}
{"raceId":"1099","driverId":"847","lap":"38","position":"4","time":"1:33.420","milliseconds":"93420"}
{"raceId":"1099","driverId":"847","lap":"39","position":"4","time":"1:33.555","milliseconds":"93555"}
{"raceId":"1099","driverId":"847","lap":"40","position":"4","time":"1:33.459","milliseconds":"93459"}
{"raceId":"1099","driverId":"847","lap":"41","position":"4","time":"1:32.998","milliseconds":"92998"}
{"raceId":"1099","driverId":"847","lap":"42","position":"4","time":"1:33.041","milliseconds":"93041"}
{"raceId":"1099","driverId":"847","lap":"43","position":"4","time":"1:33.083","milliseconds":"93083"}
{"raceId":"1099","driverId":"847","lap":"44","position":"4","time":"1:33.243","milliseconds":"93243"}
{"raceId":"1099","driverId":"847","lap":"45","position":"4","time":"1:32.917","milliseconds":"92917"}
{"raceId":"1099","driverId":"847","lap":"46","position":"4","time":"1:32.982","milliseconds":"92982"}
{"raceId":"1099","driverId":"847","lap":"47","position":"4","time":"1:32.901","milliseconds":"92901"}
{"raceId":"1099","driverId":"847","lap":"48","position":"4","time":"1:32.756","milliseconds":"92756"}
{"raceId":"1099","driverId":"847","lap":"49","position":"4","time":"1:33.135","milliseconds":"93135"}
{"raceId":"1099","driverId":"847","lap":"50","position":"4","time":"1:32.433","milliseconds":"92433"}
{"raceId":"1099","driverId":"840","lap":"1","position":"4","time":"1:39.093","milliseconds":"99093"}
{"raceId":"1099","driverId":"840","lap":"2","position":"4","time":"1:36.324","milliseconds":"96324"}
{"raceId":"1099","driverId":"840","lap":"3","position":"4","time":"1:35.239","milliseconds":"95239"}
{"raceId":"1099","driverId":"840","lap":"4","position":"4","time":"1:35.560","milliseconds":"95560"}
{"raceId":"1099","driverId":"840","lap":"5","position":"4","time":"1:35.471","milliseconds":"95471"}
{"raceId":"1099","driverId":"840","lap":"6","position":"4","time":"1:35.551","milliseconds":"95551"}
{"raceId":"1099","driverId":"840","lap":"7","position":"4","time":"1:35.140","milliseconds":"95140"}
{"raceId":"1099","driverId":"840","lap":"8","position":"4","time":"1:35.616","milliseconds":"95616"}
{"raceId":"1099","driverId":"840","lap":"9","position":"4","time":"1:36.118","milliseconds":"96118"}
{"raceId":"1099","driverId":"840","lap":"10","position":"4","time":"1:35.443","milliseconds":"95443"}
{"raceId":"1099","driverId":"840","lap":"11","position":"4","time":"1:35.512","milliseconds":"95512"}
{"raceId":"1099","driverId":"840","lap":"12","position":"4","time":"1:36.522","milliseconds":"96522"}
{"raceId":"1099","driverId":"840","lap":"13","position":"5","time":"1:38.543","milliseconds":"98543"}
{"raceId":"1099","driverId":"840","lap":"14","position":"11","time":"1:54.305","milliseconds":"114305"}
{"raceId":"1099","driverId":"840","lap":"15","position":"10","time":"1:36.262","milliseconds":"96262"}
{"raceId":"1099","driverId":"840","lap":"16","position":"10","time":"1:36.485","milliseconds":"96485"}
{"raceId":"1099","driverId":"832","lap":"1","position":"5","time":"1:39.413","milliseconds":"99413"}
{"raceId":"1099","driverId":"832","lap":"2","position":"5","time":"1:36.583","milliseconds":"96583"}
{"raceId":"1099","driverId":"832","lap":"3","position":"5","time":"1:35.354","milliseconds":"95354"}
{"raceId":"1099","driverId":"832","lap":"4","position":"5","time":"1:35.428","milliseconds":"95428"}
{"raceId":"1099","driverId":"832","lap":"5","position":"5","time":"1:35.433","milliseconds":"95433"}
{"raceId":"1099","driverId":"832","lap":"6","position":"5","time":"1:35.667","milliseconds":"95667"}
{"raceId":"1099","driverId":"832","lap":"7","position":"5","time":"1:35.216","milliseconds":"95216"}
{"raceId":"1099","driverId":"832","lap":"8","position":"5","time":"1:35.321","milliseconds":"95321"}
{"raceId":"1099","driverId":"832","lap":"9","position":"5","time":"1:36.378","milliseconds":"96378"}
{"raceId":"1099","driverId":"832","lap":"10","position":"5","time":"1:36.056","milliseconds":"96056"}
{"raceId":"1099","driverId":"832","lap":"11","position":"5","time":"1:35.842","milliseconds":"95842"}
{"raceId":"1099","driverId":"832","lap":"12","position":"5","time":"1:35.944","milliseconds":"95944"}
{"raceId":"1099","driverId":"832","lap":"13","position":"4","time":"1:35.256","milliseconds":"95256"}
{"raceId":"1099","driverId":"832","lap":"14","position":"4","time":"1:35.001","milliseconds":"95001"}
{"raceId":"1099","driverId":"832","lap":"15","position":"4","time":"1:37.523","milliseconds":"97523"}
{"raceId":"1099","driverId":"832","lap":"16","position":"9","time":"1:53.399","milliseconds":"113399"}
{"raceId":"1099","driverId":"832","lap":"17","position":"7","time":"1:42.111","milliseconds":"102111"}
{"raceId":"1099","driverId":"832","lap":"18","position":"6","time":"2:12.896","milliseconds":"132896"}
{"raceId":"1099","driverId":"832","lap":"19","position":"5","time":"2:25.323","milliseconds":"145323"}
{"raceId":"1099","driverId":"832","lap":"20","position":"5","time":"2:35.497","milliseconds":"155497"}
{"raceId":"1099","driverId":"832","lap":"21","position":"5","time":"1:37.370","milliseconds":"97370"}
{"raceId":"1099","driverId":"832","lap":"22","position":"6","time":"1:36.313","milliseconds":"96313"}
{"raceId":"1099","driverId":"832","lap":"23","position":"6","time":"1:35.041","milliseconds":"95041"}
{"raceId":"1099","driverId":"832","lap":"24","position":"6","time":"1:34.656","milliseconds":"94656"}
{"raceId":"1099","driverId":"832","lap":"25","position":"6","time":"1:34.814","milliseconds":"94814"}
{"raceId":"1099","driverId":"832","lap":"26","position":"6","time":"1:34.415","milliseconds":"94415"}
{"raceId":"1099","driverId":"832","lap":"27","position":"6","time":"1:34.539","milliseconds":"94539"}
{"raceId":"1099","driverId":"832","lap":"28","position":"6","time":"1:34.762","milliseconds":"94762"}
{"raceId":"1099","driverId":"832","lap":"29","position":"6","time":"1:34.331","milliseconds":"94331"}
{"raceId":"1099","driverId":"832","lap":"30","position":"6","time":"1:34.498","milliseconds":"94498"}
{"raceId":"1099","driverId":"832","lap":"31","position":"6","time":"1:34.104","milliseconds":"94104"}
{"raceId":"1099","driverId":"832","lap":"32","position":"6","time":"1:33.867","milliseconds":"93867"}
{"raceId":"1099","driverId":"832","lap":"33","position":"6","time":"1:33.989","milliseconds":"93989"}
{"raceId":"1099","driverId":"832","lap":"34","position":"6","time":"1:33.861","milliseconds":"93861"}
{"raceId":"1099","driverId":"832","lap":"35","position":"6","time":"1:33.862","milliseconds":"93862"}
{"raceId":"1099","driverId":"832","lap":"36","position":"6","time":"1:33.539","milliseconds":"93539"}
{"raceId":"1099","driverId":"832","lap":"37","position":"6","time":"1:33.803","milliseconds":"93803"}
{"raceId":"1099","driverId":"832","lap":"38","position":"6","time":"1:33.913","milliseconds":"93913"}
{"raceId":"1099","driverId":"832","lap":"39","position":"6","time":"1:33.465","milliseconds":"93465"}
{"raceId":"1099","driverId":"832","lap":"40","position":"6","time":"1:33.403","milliseconds":"93403"}
{"raceId":"1099","driverId":"832","lap":"41","position":"6","time":"1:33.411","milliseconds":"93411"}
{"raceId":"1099","driverId":"832","lap":"42","position":"6","time":"1:33.432","milliseconds":"93432"}
{"raceId":"1099","driverId":"832","lap":"43","position":"6","time":"1:33.288","milliseconds":"93288"}
{"raceId":"1099","driverId":"832","lap":"44","position":"6","time":"1:33.358","milliseconds":"93358"}
{"raceId":"1099","driverId":"832","lap":"45","position":"6","time":"1:33.512","milliseconds":"93512"}
{"raceId":"1099","driverId":"832","lap":"46","position":"6","time":"1:33.149","milliseconds":"93149"}
{"raceId":"1099","driverId":"832","lap":"47","position":"6","time":"1:33.128","milliseconds":"93128"}
{"raceId":"1099","driverId":"832","lap":"48","position":"6","time":"1:32.920","milliseconds":"92920"}
{"raceId":"1099","driverId":"832","lap":"49","position":"6","time":"1:33.564","milliseconds":"93564"}
{"raceId":"1099","driverId":"832","lap":"50","position":"6","time":"1:32.822","milliseconds":"92822"}
{"raceId":"1099","driverId":"839","lap":"1","position":"6","time":"1:40.245","milliseconds":"100245"}
{"raceId":"1099","driverId":"839","lap":"2","position":"6","time":"1:37.006","milliseconds":"97006"}
{"raceId":"1099","driverId":"839","lap":"3","position":"6","time":"1:36.066","milliseconds":"96066"}
{"raceId":"1099","driverId":"839","lap":"4","position":"6","time":"1:35.729","milliseconds":"95729"}
{"raceId":"1099","driverId":"839","lap":"5","position":"6","time":"1:35.849","milliseconds":"95849"}
{"raceId":"1099","driverId":"839","lap":"6","position":"6","time":"1:35.794","milliseconds":"95794"}
{"raceId":"1099","driverId":"839","lap":"7","position":"6","time":"1:35.847","milliseconds":"95847"}
{"raceId":"1099","driverId":"839","lap":"8","position":"6","time":"1:36.212","milliseconds":"96212"}
{"raceId":"1099","driverId":"839","lap":"9","position":"6","time":"1:35.924","milliseconds":"95924"}
{"raceId":"1099","driverId":"839","lap":"10","position":"6","time":"1:35.955","milliseconds":"95955"}
{"raceId":"1099","driverId":"839","lap":"11","position":"6","time":"1:35.901","milliseconds":"95901"}
{"raceId":"1099","driverId":"839","lap":"12","position":"6","time":"1:36.266","milliseconds":"96266"}
{"raceId":"1099","driverId":"839","lap":"13","position":"7","time":"1:37.156","milliseconds":"97156"}
{"raceId":"1099","driverId":"839","lap":"14","position":"7","time":"1:36.579","milliseconds":"96579"}
{"raceId":"1099","driverId":"839","lap":"15","position":"7","time":"1:36.209","milliseconds":"96209"}
{"raceId":"1099","driverId":"839","lap":"16","position":"7","time":"1:38.567","milliseconds":"98567"}
{"raceId":"1099","driverId":"839","lap":"17","position":"12","time":"2:05.968","milliseconds":"125968"}
{"raceId":"1099","driverId":"839","lap":"18","position":"9","time":"2:14.175","milliseconds":"134175"}
{"raceId":"1099","driverId":"839","lap":"19","position":"9","time":"2:14.215","milliseconds":"134215"}
{"raceId":"1099","driverId":"839","lap":"20","position":"9","time":"2:31.924","milliseconds":"151924"}
{"raceId":"1099","driverId":"839","lap":"21","position":"9","time":"1:38.033","milliseconds":"98033"}
{"raceId":"1099","driverId":"839","lap":"22","position":"9","time":"1:36.558","milliseconds":"96558"}
{"raceId":"1099","driverId":"839","lap":"23","position":"9","time":"1:35.212","milliseconds":"95212"}
{"raceId":"1099","driverId":"839","lap":"24","position":"8","time":"1:34.882","milliseconds":"94882"}
{"raceId":"1099","driverId":"839","lap":"25","position":"8","time":"1:35.131","milliseconds":"95131"}
{"raceId":"1099","driverId":"839","lap":"26","position":"8","time":"1:34.609","milliseconds":"94609"}
{"raceId":"1099","driverId":"839","lap":"27","position":"8","time":"1:34.903","milliseconds":"94903"}
{"raceId":"1099","driverId":"839","lap":"28","position":"8","time":"1:34.918","milliseconds":"94918"}
{"raceId":"1099","driverId":"839","lap":"29","position":"8","time":"1:34.582","milliseconds":"94582"}
{"raceId":"1099","driverId":"839","lap":"30","position":"8","time":"1:34.978","milliseconds":"94978"}
{"raceId":"1099","driverId":"839","lap":"31","position":"8","time":"1:34.790","milliseconds":"94790"}
{"raceId":"1099","driverId":"839","lap":"32","position":"8","time":"1:34.641","milliseconds":"94641"}
{"raceId":"1099","driverId":"839","lap":"33","position":"8","time":"1:34.394","milliseconds":"94394"}
{"raceId":"1099","driverId":"839","lap":"34","position":"8","time":"1:34.698","milliseconds":"94698"}
{"raceId":"1099","driverId":"839","lap":"35","position":"8","time":"1:34.644","milliseconds":"94644"}
{"raceId":"1099","driverId":"839","lap":"36","position":"8","time":"1:34.286","milliseconds":"94286"}
{"raceId":"1099","driverId":"839","lap":"37","position":"8","time":"1:34.136","milliseconds":"94136"}
{"raceId":"1099","driverId":"839","lap":"38","position":"8","time":"1:34.216","milliseconds":"94216"}
{"raceId":"1099","driverId":"839","lap":"39","position":"8","time":"1:34.039","milliseconds":"94039"}
{"raceId":"1099","driverId":"839","lap":"40","position":"8","time":"1:33.826","milliseconds":"93826"}
{"raceId":"1099","driverId":"839","lap":"41","position":"8","time":"1:33.915","milliseconds":"93915"}
{"raceId":"1099","driverId":"839","lap":"42","position":"8","time":"1:33.964","milliseconds":"93964"}
{"raceId":"1099","driverId":"839","lap":"43","position":"8","time":"1:33.897","milliseconds":"93897"}
{"raceId":"1099","driverId":"839","lap":"44","position":"8","time":"1:33.841","milliseconds":"93841"}
{"raceId":"1099","driverId":"839","lap":"45","position":"8","time":"1:33.815","milliseconds":"93815"}
{"raceId":"1099","driverId":"839","lap":"46","position":"8","time":"1:33.976","milliseconds":"93976"}
{"raceId":"1099","driverId":"839","lap":"47","position":"8","time":"1:33.998","milliseconds":"93998"}
{"raceId":"1099","driverId":"839","lap":"48","position":"8","time":"1:33.723","milliseconds":"93723"}
{"raceId":"1099","driverId":"839","lap":"49","position":"8","time":"1:33.222","milliseconds":"93222"}
{"raceId":"1099","driverId":"839","lap":"50","position":"8","time":"1:34.312","milliseconds":"94312"}
{"raceId":"1099","driverId":"1","lap":"1","position":"7","time":"1:41.038","milliseconds":"101038"}
{"raceId":"1099","driverId":"1","lap":"2","position":"7","time":"1:37.188","milliseconds":"97188"}
{"raceId":"1099","driverId":"1","lap":"3","position":"7","time":"1:36.628","milliseconds":"96628"}
{"raceId":"1099","driverId":"1","lap":"4","position":"7","time":"1:36.263","milliseconds":"96263"}
{"raceId":"1099","driverId":"1","lap":"5","position":"7","time":"1:35.867","milliseconds":"95867"}
{"raceId":"1099","driverId":"1","lap":"6","position":"7","time":"1:35.973","milliseconds":"95973"}
{"raceId":"1099","driverId":"1","lap":"7","position":"7","time":"1:36.093","milliseconds":"96093"}
{"raceId":"1099","driverId":"1","lap":"8","position":"7","time":"1:36.122","milliseconds":"96122"}
{"raceId":"1099","driverId":"1","lap":"9","position":"8","time":"1:36.978","milliseconds":"96978"}
{"raceId":"1099","driverId":"1","lap":"10","position":"8","time":"1:35.976","milliseconds":"95976"}
{"raceId":"1099","driverId":"1","lap":"11","position":"8","time":"1:35.909","milliseconds":"95909"}
{"raceId":"1099","driverId":"1","lap":"12","position":"9","time":"1:36.568","milliseconds":"96568"}
{"raceId":"1099","driverId":"1","lap":"13","position":"9","time":"1:35.822","milliseconds":"95822"}
{"raceId":"1099","driverId":"1","lap":"14","position":"8","time":"1:35.708","milliseconds":"95708"}
{"raceId":"1099","driverId":"1","lap":"15","position":"8","time":"1:35.693","milliseconds":"95693"}
{"raceId":"1099","driverId":"1","lap":"16","position":"6","time":"1:35.228","milliseconds":"95228"}
{"raceId":"1099","driverId":"1","lap":"17","position":"5","time":"1:35.047","milliseconds":"95047"}
{"raceId":"1099","driverId":"1","lap":"18","position":"5","time":"2:16.760","milliseconds":"136760"}
{"raceId":"1099","driverId":"1","lap":"19","position":"6","time":"2:40.428","milliseconds":"160428"}
{"raceId":"1099","driverId":"1","lap":"20","position":"6","time":"2:34.637","milliseconds":"154637"}
{"raceId":"1099","driverId":"1","lap":"21","position":"6","time":"1:37.234","milliseconds":"97234"}
{"raceId":"1099","driverId":"1","lap":"22","position":"5","time":"1:35.182","milliseconds":"95182"}
{"raceId":"1099","driverId":"1","lap":"23","position":"5","time":"1:34.715","milliseconds":"94715"}
{"raceId":"1099","driverId":"1","lap":"24","position":"5","time":"1:34.335","milliseconds":"94335"}
{"raceId":"1099","driverId":"1","lap":"25","position":"5","time":"1:34.734","milliseconds":"94734"}
{"raceId":"1099","driverId":"1","lap":"26","position":"5","time":"1:33.998","milliseconds":"93998"}
{"raceId":"1099","driverId":"1","lap":"27","position":"5","time":"1:33.985","milliseconds":"93985"}
{"raceId":"1099","driverId":"1","lap":"28","position":"5","time":"1:34.234","milliseconds":"94234"}
{"raceId":"1099","driverId":"1","lap":"29","position":"5","time":"1:34.186","milliseconds":"94186"}
{"raceId":"1099","driverId":"1","lap":"30","position":"5","time":"1:34.447","milliseconds":"94447"}
{"raceId":"1099","driverId":"1","lap":"31","position":"5","time":"1:33.846","milliseconds":"93846"}
{"raceId":"1099","driverId":"1","lap":"32","position":"5","time":"1:34.071","milliseconds":"94071"}
{"raceId":"1099","driverId":"1","lap":"33","position":"5","time":"1:33.874","milliseconds":"93874"}
{"raceId":"1099","driverId":"1","lap":"34","position":"5","time":"1:33.864","milliseconds":"93864"}
{"raceId":"1099","driverId":"1","lap":"35","position":"5","time":"1:33.887","milliseconds":"93887"}
{"raceId":"1099","driverId":"1","lap":"36","position":"5","time":"1:33.390","milliseconds":"93390"}
{"raceId":"1099","driverId":"1","lap":"37","position":"5","time":"1:33.625","milliseconds":"93625"}
{"raceId":"1099","driverId":"1","lap":"38","position":"5","time":"1:33.653","milliseconds":"93653"}
{"raceId":"1099","driverId":"1","lap":"39","position":"5","time":"1:33.383","milliseconds":"93383"}
{"raceId":"1099","driverId":"1","lap":"40","position":"5","time":"1:33.507","milliseconds":"93507"}
{"raceId":"1099","driverId":"1","lap":"41","position":"5","time":"1:33.220","milliseconds":"93220"}
{"raceId":"1099","driverId":"1","lap":"42","position":"5","time":"1:33.314","milliseconds":"93314"}
{"raceId":"1099","driverId":"1","lap":"43","position":"5","time":"1:33.011","milliseconds":"93011"}
{"raceId":"1099","driverId":"1","lap":"44","position":"5","time":"1:33.099","milliseconds":"93099"}
{"raceId":"1099","driverId":"1","lap":"45","position":"5","time":"1:33.054","milliseconds":"93054"}
{"raceId":"1099","driverId":"1","lap":"46","position":"5","time":"1:33.316","milliseconds":"93316"}
{"raceId":"1099","driverId":"1","lap":"47","position":"5","time":"1:32.941","milliseconds":"92941"}
{"raceId":"1099","driverId":"1","lap":"48","position":"5","time":"1:33.367","milliseconds":"93367"}
{"raceId":"1099","driverId":"1","lap":"49","position":"5","time":"1:33.537","milliseconds":"93537"}
{"raceId":"1099","driverId":"1","lap":"50","position":"5","time":"1:33.024","milliseconds":"93024"}
{"raceId":"1099","driverId":"842","lap":"1","position":"8","time":"1:42.172","milliseconds":"102172"}
{"raceId":"1099","driverId":"842","lap":"2","position":"8","time":"1:37.056","milliseconds":"97056"}
{"raceId":"1099","driverId":"842","lap":"3","position":"8","time":"1:36.044","milliseconds":"96044"}
{"raceId":"1099","driverId":"842","lap":"4","position":"8","time":"1:36.291","milliseconds":"96291"}
{"raceId":"1099","driverId":"842","lap":"5","position":"8","time":"1:35.973","milliseconds":"95973"}
{"raceId":"1099","driverId":"842","lap":"6","position":"8","time":"1:35.837","milliseconds":"95837"}
{"raceId":"1099","driverId":"842","lap":"7","position":"9","time":"1:37.137","milliseconds":"97137"}
{"raceId":"1099","driverId":"842","lap":"8","position":"9","time":"1:36.645","milliseconds":"96645"}
{"raceId":"1099","driverId":"842","lap":"9","position":"10","time":"1:36.549","milliseconds":"96549"}
{"raceId":"1099","driverId":"842","lap":"10","position":"10","time":"1:36.262","milliseconds":"96262"}
{"raceId":"1099","driverId":"842","lap":"11","position":"10","time":"1:36.022","milliseconds":"96022"}
{"raceId":"1099","driverId":"842","lap":"12","position":"10","time":"1:36.128","milliseconds":"96128"}
{"raceId":"1099","driverId":"842","lap":"13","position":"10","time":"1:36.170","milliseconds":"96170"}
{"raceId":"1099","driverId":"842","lap":"14","position":"9","time":"1:38.551","milliseconds":"98551"}
{"raceId":"1099","driverId":"842","lap":"15","position":"14","time":"1:53.128","milliseconds":"113128"}
{"raceId":"1099","driverId":"842","lap":"16","position":"14","time":"1:35.536","milliseconds":"95536"}
{"raceId":"1099","driverId":"842","lap":"17","position":"13","time":"1:47.735","milliseconds":"107735"}
{"raceId":"1099","driverId":"842","lap":"18","position":"11","time":"2:15.212","milliseconds":"135212"}
{"raceId":"1099","driverId":"842","lap":"19","position":"10","time":"2:12.712","milliseconds":"132712"}
{"raceId":"1099","driverId":"842","lap":"20","position":"10","time":"2:30.632","milliseconds":"150632"}
{"raceId":"1099","driverId":"842","lap":"21","position":"10","time":"1:38.374","milliseconds":"98374"}
{"raceId":"1099","driverId":"842","lap":"22","position":"10","time":"1:36.576","milliseconds":"96576"}
{"raceId":"1099","driverId":"842","lap":"23","position":"10","time":"1:35.918","milliseconds":"95918"}
{"raceId":"1099","driverId":"842","lap":"24","position":"10","time":"1:35.322","milliseconds":"95322"}
{"raceId":"1099","driverId":"842","lap":"25","position":"9","time":"1:35.270","milliseconds":"95270"}
{"raceId":"1099","driverId":"842","lap":"26","position":"9","time":"1:35.105","milliseconds":"95105"}
{"raceId":"1099","driverId":"842","lap":"27","position":"9","time":"1:35.000","milliseconds":"95000"}
{"raceId":"1099","driverId":"842","lap":"28","position":"9","time":"1:34.650","milliseconds":"94650"}
{"raceId":"1099","driverId":"842","lap":"29","position":"9","time":"1:34.601","milliseconds":"94601"}
{"raceId":"1099","driverId":"842","lap":"30","position":"9","time":"1:34.869","milliseconds":"94869"}
{"raceId":"1099","driverId":"842","lap":"31","position":"9","time":"1:34.735","milliseconds":"94735"}
{"raceId":"1099","driverId":"842","lap":"32","position":"9","time":"1:34.626","milliseconds":"94626"}
{"raceId":"1099","driverId":"842","lap":"33","position":"9","time":"1:34.516","milliseconds":"94516"}
{"raceId":"1099","driverId":"842","lap":"34","position":"9","time":"1:34.394","milliseconds":"94394"}
{"raceId":"1099","driverId":"842","lap":"35","position":"9","time":"1:34.500","milliseconds":"94500"}
{"raceId":"1099","driverId":"842","lap":"36","position":"9","time":"1:34.436","milliseconds":"94436"}
{"raceId":"1099","driverId":"842","lap":"37","position":"9","time":"1:34.289","milliseconds":"94289"}
{"raceId":"1099","driverId":"842","lap":"38","position":"9","time":"1:34.355","milliseconds":"94355"}
{"raceId":"1099","driverId":"842","lap":"39","position":"9","time":"1:33.929","milliseconds":"93929"}
{"raceId":"1099","driverId":"842","lap":"40","position":"9","time":"1:34.110","milliseconds":"94110"}
{"raceId":"1099","driverId":"842","lap":"41","position":"9","time":"1:33.829","milliseconds":"93829"}
{"raceId":"1099","driverId":"842","lap":"42","position":"9","time":"1:33.960","milliseconds":"93960"}
{"raceId":"1099","driverId":"842","lap":"43","position":"9","time":"1:34.026","milliseconds":"94026"}
{"raceId":"1099","driverId":"842","lap":"44","position":"9","time":"1:34.131","milliseconds":"94131"}
{"raceId":"1099","driverId":"842","lap":"45","position":"9","time":"1:33.820","milliseconds":"93820"}
{"raceId":"1099","driverId":"842","lap":"46","position":"9","time":"1:34.068","milliseconds":"94068"}
{"raceId":"1099","driverId":"842","lap":"47","position":"9","time":"1:33.810","milliseconds":"93810"}
{"raceId":"1099","driverId":"842","lap":"48","position":"9","time":"1:33.624","milliseconds":"93624"}
{"raceId":"1099","driverId":"842","lap":"49","position":"9","time":"1:33.614","milliseconds":"93614"}
{"raceId":"1099","driverId":"842","lap":"50","position":"9","time":"1:33.392","milliseconds":"93392"}
{"raceId":"1099","driverId":"844","lap":"1","position":"9","time":"1:43.306","milliseconds":"103306"}
{"raceId":"1099","driverId":"844","lap":"2","position":"9","time":"1:36.907","milliseconds":"96907"}
{"raceId":"1099","driverId":"844","lap":"3","position":"9","time":"1:35.825","milliseconds":"95825"}
{"raceId":"1099","driverId":"844","lap":"4","position":"9","time":"1:35.871","milliseconds":"95871"}
{"raceId":"1099","driverId":"844","lap":"5","position":"9","time":"1:36.275","milliseconds":"96275"}
{"raceId":"1099","driverId":"844","lap":"6","position":"9","time":"1:35.347","milliseconds":"95347"}
{"raceId":"1099","driverId":"844","lap":"7","position":"8","time":"1:36.117","milliseconds":"96117"}
{"raceId":"1099","driverId":"844","lap":"8","position":"8","time":"1:35.858","milliseconds":"95858"}
{"raceId":"1099","driverId":"844","lap":"9","position":"7","time":"1:35.364","milliseconds":"95364"}
{"raceId":"1099","driverId":"844","lap":"10","position":"7","time":"1:35.612","milliseconds":"95612"}
{"raceId":"1099","driverId":"844","lap":"11","position":"7","time":"1:35.125","milliseconds":"95125"}
{"raceId":"1099","driverId":"844","lap":"12","position":"7","time":"1:35.438","milliseconds":"95438"}
{"raceId":"1099","driverId":"844","lap":"13","position":"6","time":"1:35.226","milliseconds":"95226"}
{"raceId":"1099","driverId":"844","lap":"14","position":"5","time":"1:34.609","milliseconds":"94609"}
{"raceId":"1099","driverId":"844","lap":"15","position":"5","time":"1:35.071","milliseconds":"95071"}
{"raceId":"1099","driverId":"844","lap":"16","position":"5","time":"1:37.681","milliseconds":"97681"}
{"raceId":"1099","driverId":"844","lap":"17","position":"8","time":"1:59.434","milliseconds":"119434"}
{"raceId":"1099","driverId":"844","lap":"18","position":"7","time":"2:14.267","milliseconds":"134267"}
{"raceId":"1099","driverId":"844","lap":"19","position":"7","time":"2:23.866","milliseconds":"143866"}
{"raceId":"1099","driverId":"844","lap":"20","position":"7","time":"2:33.149","milliseconds":"153149"}
{"raceId":"1099","driverId":"844","lap":"21","position":"7","time":"1:38.031","milliseconds":"98031"}
{"raceId":"1099","driverId":"844","lap":"22","position":"7","time":"1:35.700","milliseconds":"95700"}
{"raceId":"1099","driverId":"844","lap":"23","position":"7","time":"1:34.853","milliseconds":"94853"}
{"raceId":"1099","driverId":"844","lap":"24","position":"7","time":"1:35.403","milliseconds":"95403"}
{"raceId":"1099","driverId":"844","lap":"25","position":"7","time":"1:34.742","milliseconds":"94742"}
{"raceId":"1099","driverId":"844","lap":"26","position":"7","time":"1:34.432","milliseconds":"94432"}
{"raceId":"1099","driverId":"844","lap":"27","position":"7","time":"1:34.681","milliseconds":"94681"}
{"raceId":"1099","driverId":"844","lap":"28","position":"7","time":"1:34.886","milliseconds":"94886"}
{"raceId":"1099","driverId":"844","lap":"29","position":"7","time":"1:34.321","milliseconds":"94321"}
{"raceId":"1099","driverId":"844","lap":"30","position":"7","time":"1:34.334","milliseconds":"94334"}
{"raceId":"1099","driverId":"844","lap":"31","position":"7","time":"1:34.082","milliseconds":"94082"}
{"raceId":"1099","driverId":"844","lap":"32","position":"7","time":"1:34.701","milliseconds":"94701"}
{"raceId":"1099","driverId":"844","lap":"33","position":"7","time":"1:33.787","milliseconds":"93787"}
{"raceId":"1099","driverId":"844","lap":"34","position":"7","time":"1:33.716","milliseconds":"93716"}
{"raceId":"1099","driverId":"844","lap":"35","position":"7","time":"1:34.341","milliseconds":"94341"}
{"raceId":"1099","driverId":"844","lap":"36","position":"7","time":"1:33.749","milliseconds":"93749"}
{"raceId":"1099","driverId":"844","lap":"37","position":"7","time":"1:33.839","milliseconds":"93839"}
{"raceId":"1099","driverId":"844","lap":"38","position":"7","time":"1:33.713","milliseconds":"93713"}
{"raceId":"1099","driverId":"844","lap":"39","position":"7","time":"1:33.479","milliseconds":"93479"}
{"raceId":"1099","driverId":"844","lap":"40","position":"7","time":"1:33.569","milliseconds":"93569"}
{"raceId":"1099","driverId":"844","lap":"41","position":"7","time":"1:33.155","milliseconds":"93155"}
{"raceId":"1099","driverId":"844","lap":"42","position":"7","time":"1:33.384","milliseconds":"93384"}
{"raceId":"1099","driverId":"844","lap":"43","position":"7","time":"1:33.447","milliseconds":"93447"}
{"raceId":"1099","driverId":"844","lap":"44","position":"7","time":"1:33.322","milliseconds":"93322"}
{"raceId":"1099","driverId":"844","lap":"45","position":"7","time":"1:33.238","milliseconds":"93238"}
{"raceId":"1099","driverId":"844","lap":"46","position":"7","time":"1:33.419","milliseconds":"93419"}
{"raceId":"1099","driverId":"844","lap":"47","position":"7","time":"1:33.056","milliseconds":"93056"}
{"raceId":"1099","driverId":"844","lap":"48","position":"7","time":"1:34.119","milliseconds":"94119"}
{"raceId":"1099","driverId":"844","lap":"49","position":"7","time":"1:33.942","milliseconds":"93942"}
{"raceId":"1099","driverId":"844","lap":"50","position":"7","time":"1:36.267","milliseconds":"96267"}
{"raceId":"1099","driverId":"855","lap":"1","position":"10","time":"1:44.564","milliseconds":"104564"}
{"raceId":"1099","driverId":"855","lap":"2","position":"10","time":"1:36.615","milliseconds":"96615"}
{"raceId":"1099","driverId":"855","lap":"3","position":"10","time":"1:36.260","milliseconds":"96260"}
{"raceId":"1099","driverId":"855","lap":"4","position":"10","time":"1:36.359","milliseconds":"96359"}
{"raceId":"1099","driverId":"855","lap":"5","position":"10","time":"1:36.314","milliseconds":"96314"}
{"raceId":"1099","driverId":"855","lap":"6","position":"10","time":"1:35.928","milliseconds":"95928"}
{"raceId":"1099","driverId":"855","lap":"7","position":"10","time":"1:36.506","milliseconds":"96506"}
{"raceId":"1099","driverId":"855","lap":"8","position":"11","time":"1:37.134","milliseconds":"97134"}
{"raceId":"1099","driverId":"855","lap":"9","position":"11","time":"1:36.451","milliseconds":"96451"}
{"raceId":"1099","driverId":"855","lap":"10","position":"11","time":"1:36.253","milliseconds":"96253"}
{"raceId":"1099","driverId":"855","lap":"11","position":"11","time":"1:39.247","milliseconds":"99247"}
{"raceId":"1099","driverId":"855","lap":"12","position":"17","time":"1:55.874","milliseconds":"115874"}
{"raceId":"1099","driverId":"855","lap":"13","position":"16","time":"1:35.263","milliseconds":"95263"}
{"raceId":"1099","driverId":"855","lap":"14","position":"16","time":"1:35.547","milliseconds":"95547"}
{"raceId":"1099","driverId":"855","lap":"15","position":"16","time":"1:35.618","milliseconds":"95618"}
{"raceId":"1099","driverId":"855","lap":"16","position":"16","time":"1:35.980","milliseconds":"95980"}
{"raceId":"1099","driverId":"855","lap":"17","position":"15","time":"1:49.326","milliseconds":"109326"}
{"raceId":"1099","driverId":"855","lap":"18","position":"14","time":"2:17.713","milliseconds":"137713"}
{"raceId":"1099","driverId":"855","lap":"19","position":"17","time":"2:15.298","milliseconds":"135298"}
{"raceId":"1099","driverId":"855","lap":"20","position":"17","time":"2:21.617","milliseconds":"141617"}
{"raceId":"1099","driverId":"855","lap":"21","position":"16","time":"1:38.769","milliseconds":"98769"}
{"raceId":"1099","driverId":"855","lap":"22","position":"16","time":"1:37.391","milliseconds":"97391"}
{"raceId":"1099","driverId":"855","lap":"23","position":"15","time":"1:36.346","milliseconds":"96346"}
{"raceId":"1099","driverId":"855","lap":"24","position":"15","time":"1:35.452","milliseconds":"95452"}
{"raceId":"1099","driverId":"855","lap":"25","position":"15","time":"1:35.560","milliseconds":"95560"}
{"raceId":"1099","driverId":"855","lap":"26","position":"14","time":"1:36.338","milliseconds":"96338"}
{"raceId":"1099","driverId":"855","lap":"27","position":"14","time":"1:35.629","milliseconds":"95629"}
{"raceId":"1099","driverId":"855","lap":"28","position":"14","time":"1:35.400","milliseconds":"95400"}
{"raceId":"1099","driverId":"855","lap":"29","position":"14","time":"1:34.811","milliseconds":"94811"}
{"raceId":"1099","driverId":"855","lap":"30","position":"14","time":"1:36.153","milliseconds":"96153"}
{"raceId":"1099","driverId":"855","lap":"31","position":"14","time":"1:35.268","milliseconds":"95268"}
{"raceId":"1099","driverId":"855","lap":"32","position":"14","time":"1:35.136","milliseconds":"95136"}
{"raceId":"1099","driverId":"855","lap":"33","position":"14","time":"1:35.397","milliseconds":"95397"}
{"raceId":"1099","driverId":"855","lap":"34","position":"14","time":"1:35.361","milliseconds":"95361"}
{"raceId":"1099","driverId":"855","lap":"35","position":"14","time":"1:35.164","milliseconds":"95164"}
{"raceId":"1099","driverId":"855","lap":"36","position":"14","time":"1:35.233","milliseconds":"95233"}
{"raceId":"1099","driverId":"855","lap":"37","position":"14","time":"1:35.391","milliseconds":"95391"}
{"raceId":"1099","driverId":"855","lap":"38","position":"13","time":"1:35.158","milliseconds":"95158"}
{"raceId":"1099","driverId":"855","lap":"39","position":"13","time":"1:34.646","milliseconds":"94646"}
{"raceId":"1099","driverId":"855","lap":"40","position":"13","time":"1:34.764","milliseconds":"94764"}
{"raceId":"1099","driverId":"855","lap":"41","position":"13","time":"1:34.363","milliseconds":"94363"}
{"raceId":"1099","driverId":"855","lap":"42","position":"13","time":"1:34.825","milliseconds":"94825"}
{"raceId":"1099","driverId":"855","lap":"43","position":"13","time":"1:34.514","milliseconds":"94514"}
{"raceId":"1099","driverId":"855","lap":"44","position":"13","time":"1:34.622","milliseconds":"94622"}
{"raceId":"1099","driverId":"855","lap":"45","position":"13","time":"1:34.541","milliseconds":"94541"}
{"raceId":"1099","driverId":"855","lap":"46","position":"13","time":"1:34.538","milliseconds":"94538"}
{"raceId":"1099","driverId":"855","lap":"47","position":"13","time":"1:34.180","milliseconds":"94180"}
{"raceId":"1099","driverId":"855","lap":"48","position":"13","time":"1:34.138","milliseconds":"94138"}
{"raceId":"1099","driverId":"855","lap":"49","position":"13","time":"1:33.894","milliseconds":"93894"}
{"raceId":"1099","driverId":"855","lap":"50","position":"13","time":"1:34.105","milliseconds":"94105"}
{"raceId":"1099","driverId":"825","lap":"1","position":"11","time":"1:44.694","milliseconds":"104694"}
{"raceId":"1099","driverId":"825","lap":"2","position":"11","time":"1:37.219","milliseconds":"97219"}
{"raceId":"1099","driverId":"825","lap":"3","position":"11","time":"1:36.796","milliseconds":"96796"}
{"raceId":"1099","driverId":"825","lap":"4","position":"11","time":"1:37.098","milliseconds":"97098"}
{"raceId":"1099","driverId":"825","lap":"5","position":"12","time":"1:37.298","milliseconds":"97298"}
{"raceId":"1099","driverId":"825","lap":"6","position":"13","time":"1:37.010","milliseconds":"97010"}
{"raceId":"1099","driverId":"825","lap":"7","position":"13","time":"1:36.304","milliseconds":"96304"}
{"raceId":"1099","driverId":"825","lap":"8","position":"14","time":"1:39.187","milliseconds":"99187"}
{"raceId":"1099","driverId":"825","lap":"9","position":"18","time":"1:52.964","milliseconds":"112964"}
{"raceId":"1099","driverId":"825","lap":"10","position":"17","time":"1:35.834","milliseconds":"95834"}
{"raceId":"1099","driverId":"825","lap":"11","position":"17","time":"1:35.756","milliseconds":"95756"}
{"raceId":"1099","driverId":"825","lap":"12","position":"15","time":"1:35.805","milliseconds":"95805"}
{"raceId":"1099","driverId":"825","lap":"13","position":"15","time":"1:35.552","milliseconds":"95552"}
{"raceId":"1099","driverId":"825","lap":"14","position":"15","time":"1:35.199","milliseconds":"95199"}
{"raceId":"1099","driverId":"825","lap":"15","position":"15","time":"1:35.179","milliseconds":"95179"}
{"raceId":"1099","driverId":"825","lap":"16","position":"15","time":"1:35.561","milliseconds":"95561"}
{"raceId":"1099","driverId":"825","lap":"17","position":"14","time":"1:48.270","milliseconds":"108270"}
{"raceId":"1099","driverId":"825","lap":"18","position":"12","time":"2:16.205","milliseconds":"136205"}
{"raceId":"1099","driverId":"825","lap":"19","position":"11","time":"2:11.086","milliseconds":"131086"}
{"raceId":"1099","driverId":"825","lap":"20","position":"11","time":"2:29.075","milliseconds":"149075"}
{"raceId":"1099","driverId":"825","lap":"21","position":"11","time":"1:38.649","milliseconds":"98649"}
{"raceId":"1099","driverId":"825","lap":"22","position":"11","time":"1:36.880","milliseconds":"96880"}
{"raceId":"1099","driverId":"825","lap":"23","position":"11","time":"1:35.702","milliseconds":"95702"}
{"raceId":"1099","driverId":"825","lap":"24","position":"11","time":"1:35.279","milliseconds":"95279"}
{"raceId":"1099","driverId":"825","lap":"25","position":"11","time":"1:36.317","milliseconds":"96317"}
{"raceId":"1099","driverId":"825","lap":"26","position":"11","time":"1:35.544","milliseconds":"95544"}
{"raceId":"1099","driverId":"825","lap":"27","position":"11","time":"1:35.501","milliseconds":"95501"}
{"raceId":"1099","driverId":"825","lap":"28","position":"11","time":"1:35.564","milliseconds":"95564"}
{"raceId":"1099","driverId":"825","lap":"29","position":"11","time":"1:35.001","milliseconds":"95001"}
{"raceId":"1099","driverId":"825","lap":"30","position":"11","time":"1:35.139","milliseconds":"95139"}
{"raceId":"1099","driverId":"825","lap":"31","position":"11","time":"1:35.057","milliseconds":"95057"}
{"raceId":"1099","driverId":"825","lap":"32","position":"11","time":"1:34.959","milliseconds":"94959"}
{"raceId":"1099","driverId":"825","lap":"33","position":"11","time":"1:34.402","milliseconds":"94402"}
{"raceId":"1099","driverId":"825","lap":"34","position":"11","time":"1:34.852","milliseconds":"94852"}
{"raceId":"1099","driverId":"825","lap":"35","position":"11","time":"1:35.659","milliseconds":"95659"}
{"raceId":"1099","driverId":"825","lap":"36","position":"11","time":"1:34.662","milliseconds":"94662"}
{"raceId":"1099","driverId":"825","lap":"37","position":"11","time":"1:34.357","milliseconds":"94357"}
{"raceId":"1099","driverId":"825","lap":"38","position":"11","time":"1:34.047","milliseconds":"94047"}
{"raceId":"1099","driverId":"825","lap":"39","position":"11","time":"1:34.189","milliseconds":"94189"}
{"raceId":"1099","driverId":"825","lap":"40","position":"11","time":"1:35.449","milliseconds":"95449"}
{"raceId":"1099","driverId":"825","lap":"41","position":"11","time":"1:34.270","milliseconds":"94270"}
{"raceId":"1099","driverId":"825","lap":"42","position":"11","time":"1:33.753","milliseconds":"93753"}
{"raceId":"1099","driverId":"825","lap":"43","position":"11","time":"1:34.108","milliseconds":"94108"}
{"raceId":"1099","driverId":"825","lap":"44","position":"11","time":"1:33.374","milliseconds":"93374"}
{"raceId":"1099","driverId":"825","lap":"45","position":"11","time":"1:34.134","milliseconds":"94134"}
{"raceId":"1099","driverId":"825","lap":"46","position":"10","time":"1:35.329","milliseconds":"95329"}
{"raceId":"1099","driverId":"825","lap":"47","position":"10","time":"1:33.833","milliseconds":"93833"}
{"raceId":"1099","driverId":"825","lap":"48","position":"10","time":"1:33.829","milliseconds":"93829"}
{"raceId":"1099","driverId":"825","lap":"49","position":"10","time":"1:33.746","milliseconds":"93746"}
{"raceId":"1099","driverId":"825","lap":"50","position":"10","time":"1:34.043","milliseconds":"94043"}
{"raceId":"1099","driverId":"807","lap":"1","position":"12","time":"1:44.753","milliseconds":"104753"}
{"raceId":"1099","driverId":"807","lap":"2","position":"12","time":"1:37.670","milliseconds":"97670"}
{"raceId":"1099","driverId":"807","lap":"3","position":"12","time":"1:36.538","milliseconds":"96538"}
{"raceId":"1099","driverId":"807","lap":"4","position":"13","time":"1:37.593","milliseconds":"97593"}
{"raceId":"1099","driverId":"807","lap":"5","position":"13","time":"1:36.753","milliseconds":"96753"}
{"raceId":"1099","driverId":"807","lap":"6","position":"12","time":"1:36.095","milliseconds":"96095"}
{"raceId":"1099","driverId":"807","lap":"7","position":"12","time":"1:36.398","milliseconds":"96398"}
{"raceId":"1099","driverId":"807","lap":"8","position":"12","time":"1:36.282","milliseconds":"96282"}
{"raceId":"1099","driverId":"807","lap":"9","position":"12","time":"1:36.613","milliseconds":"96613"}
{"raceId":"1099","driverId":"807","lap":"10","position":"12","time":"1:36.166","milliseconds":"96166"}
{"raceId":"1099","driverId":"807","lap":"11","position":"13","time":"1:39.066","milliseconds":"99066"}
{"raceId":"1099","driverId":"807","lap":"12","position":"16","time":"1:53.453","milliseconds":"113453"}
{"raceId":"1099","driverId":"807","lap":"13","position":"17","time":"1:35.892","milliseconds":"95892"}
{"raceId":"1099","driverId":"807","lap":"14","position":"17","time":"1:36.821","milliseconds":"96821"}
{"raceId":"1099","driverId":"807","lap":"15","position":"17","time":"1:36.004","milliseconds":"96004"}
{"raceId":"1099","driverId":"807","lap":"16","position":"17","time":"1:35.932","milliseconds":"95932"}
{"raceId":"1099","driverId":"807","lap":"17","position":"16","time":"1:49.761","milliseconds":"109761"}
{"raceId":"1099","driverId":"807","lap":"18","position":"15","time":"2:16.855","milliseconds":"136855"}
{"raceId":"1099","driverId":"807","lap":"19","position":"13","time":"2:07.150","milliseconds":"127150"}
{"raceId":"1099","driverId":"807","lap":"20","position":"13","time":"2:26.826","milliseconds":"146826"}
{"raceId":"1099","driverId":"807","lap":"21","position":"12","time":"1:38.420","milliseconds":"98420"}
{"raceId":"1099","driverId":"807","lap":"22","position":"12","time":"1:36.951","milliseconds":"96951"}
{"raceId":"1099","driverId":"807","lap":"23","position":"12","time":"1:35.533","milliseconds":"95533"}
{"raceId":"1099","driverId":"807","lap":"24","position":"12","time":"1:35.782","milliseconds":"95782"}
{"raceId":"1099","driverId":"807","lap":"25","position":"12","time":"1:35.891","milliseconds":"95891"}
{"raceId":"1099","driverId":"807","lap":"26","position":"12","time":"1:36.043","milliseconds":"96043"}
{"raceId":"1099","driverId":"807","lap":"27","position":"12","time":"1:36.238","milliseconds":"96238"}
{"raceId":"1099","driverId":"807","lap":"28","position":"12","time":"1:35.620","milliseconds":"95620"}
{"raceId":"1099","driverId":"807","lap":"29","position":"12","time":"1:35.176","milliseconds":"95176"}
{"raceId":"1099","driverId":"807","lap":"30","position":"12","time":"1:36.263","milliseconds":"96263"}
{"raceId":"1099","driverId":"807","lap":"31","position":"12","time":"1:35.038","milliseconds":"95038"}
{"raceId":"1099","driverId":"807","lap":"32","position":"12","time":"1:35.368","milliseconds":"95368"}
{"raceId":"1099","driverId":"807","lap":"33","position":"12","time":"1:35.028","milliseconds":"95028"}
{"raceId":"1099","driverId":"807","lap":"34","position":"12","time":"1:35.478","milliseconds":"95478"}
{"raceId":"1099","driverId":"807","lap":"35","position":"12","time":"1:35.013","milliseconds":"95013"}
{"raceId":"1099","driverId":"807","lap":"36","position":"12","time":"1:34.957","milliseconds":"94957"}
{"raceId":"1099","driverId":"807","lap":"37","position":"12","time":"1:34.809","milliseconds":"94809"}
{"raceId":"1099","driverId":"807","lap":"38","position":"12","time":"1:34.030","milliseconds":"94030"}
{"raceId":"1099","driverId":"807","lap":"39","position":"12","time":"1:34.263","milliseconds":"94263"}
{"raceId":"1099","driverId":"807","lap":"40","position":"12","time":"1:34.365","milliseconds":"94365"}
{"raceId":"1099","driverId":"807","lap":"41","position":"12","time":"1:34.047","milliseconds":"94047"}
{"raceId":"1099","driverId":"807","lap":"42","position":"12","time":"1:34.351","milliseconds":"94351"}
{"raceId":"1099","driverId":"807","lap":"43","position":"12","time":"1:34.388","milliseconds":"94388"}
{"raceId":"1099","driverId":"807","lap":"44","position":"12","time":"1:34.168","milliseconds":"94168"}
{"raceId":"1099","driverId":"807","lap":"45","position":"12","time":"1:34.822","milliseconds":"94822"}
{"raceId":"1099","driverId":"807","lap":"46","position":"12","time":"1:34.481","milliseconds":"94481"}
{"raceId":"1099","driverId":"807","lap":"47","position":"12","time":"1:34.426","milliseconds":"94426"}
{"raceId":"1099","driverId":"807","lap":"48","position":"12","time":"1:34.026","milliseconds":"94026"}
{"raceId":"1099","driverId":"807","lap":"49","position":"12","time":"1:34.106","milliseconds":"94106"}
{"raceId":"1099","driverId":"807","lap":"50","position":"12","time":"1:33.780","milliseconds":"93780"}
{"raceId":"1099","driverId":"830","lap":"1","position":"13","time":"1:45.222","milliseconds":"105222"}
{"raceId":"1099","driverId":"830","lap":"2","position":"13","time":"1:37.680","milliseconds":"97680"}
{"raceId":"1099","driverId":"830","lap":"3","position":"13","time":"1:36.526","milliseconds":"96526"}
{"raceId":"1099","driverId":"830","lap":"4","position":"12","time":"1:36.503","milliseconds":"96503"}
{"raceId":"1099","driverId":"830","lap":"5","position":"11","time":"1:35.359","milliseconds":"95359"}
{"raceId":"1099","driverId":"830","lap":"6","position":"11","time":"1:35.840","milliseconds":"95840"}
{"raceId":"1099","driverId":"830","lap":"7","position":"11","time":"1:35.687","milliseconds":"95687"}
{"raceId":"1099","driverId":"830","lap":"8","position":"10","time":"1:35.129","milliseconds":"95129"}
{"raceId":"1099","driverId":"830","lap":"9","position":"9","time":"1:35.561","milliseconds":"95561"}
{"raceId":"1099","driverId":"830","lap":"10","position":"9","time":"1:35.443","milliseconds":"95443"}
{"raceId":"1099","driverId":"830","lap":"11","position":"9","time":"1:35.306","milliseconds":"95306"}
{"raceId":"1099","driverId":"830","lap":"12","position":"8","time":"1:34.848","milliseconds":"94848"}
{"raceId":"1099","driverId":"830","lap":"13","position":"8","time":"1:35.183","milliseconds":"95183"}
{"raceId":"1099","driverId":"830","lap":"14","position":"6","time":"1:34.200","milliseconds":"94200"}
{"raceId":"1099","driverId":"830","lap":"15","position":"6","time":"1:34.499","milliseconds":"94499"}
{"raceId":"1099","driverId":"830","lap":"16","position":"4","time":"1:34.443","milliseconds":"94443"}
{"raceId":"1099","driverId":"830","lap":"17","position":"4","time":"1:33.790","milliseconds":"93790"}
{"raceId":"1099","driverId":"830","lap":"18","position":"4","time":"2:14.348","milliseconds":"134348"}
{"raceId":"1099","driverId":"830","lap":"19","position":"4","time":"2:47.259","milliseconds":"167259"}
{"raceId":"1099","driverId":"830","lap":"20","position":"4","time":"2:36.511","milliseconds":"156511"}
{"raceId":"1099","driverId":"830","lap":"21","position":"4","time":"1:36.946","milliseconds":"96946"}
{"raceId":"1099","driverId":"830","lap":"22","position":"4","time":"1:34.973","milliseconds":"94973"}
{"raceId":"1099","driverId":"830","lap":"23","position":"3","time":"1:34.115","milliseconds":"94115"}
{"raceId":"1099","driverId":"830","lap":"24","position":"3","time":"1:34.146","milliseconds":"94146"}
{"raceId":"1099","driverId":"830","lap":"25","position":"2","time":"1:32.933","milliseconds":"92933"}
{"raceId":"1099","driverId":"830","lap":"26","position":"2","time":"1:32.940","milliseconds":"92940"}
{"raceId":"1099","driverId":"830","lap":"27","position":"2","time":"1:32.838","milliseconds":"92838"}
{"raceId":"1099","driverId":"830","lap":"28","position":"2","time":"1:32.869","milliseconds":"92869"}
{"raceId":"1099","driverId":"830","lap":"29","position":"2","time":"1:32.670","milliseconds":"92670"}
{"raceId":"1099","driverId":"830","lap":"30","position":"2","time":"1:32.877","milliseconds":"92877"}
{"raceId":"1099","driverId":"830","lap":"31","position":"2","time":"1:32.382","milliseconds":"92382"}
{"raceId":"1099","driverId":"830","lap":"32","position":"2","time":"1:32.400","milliseconds":"92400"}
{"raceId":"1099","driverId":"830","lap":"33","position":"2","time":"1:32.387","milliseconds":"92387"}
{"raceId":"1099","driverId":"830","lap":"34","position":"2","time":"1:32.341","milliseconds":"92341"}
{"raceId":"1099","driverId":"830","lap":"35","position":"2","time":"1:32.249","milliseconds":"92249"}
{"raceId":"1099","driverId":"830","lap":"36","position":"2","time":"1:32.384","milliseconds":"92384"}
{"raceId":"1099","driverId":"830","lap":"37","position":"2","time":"1:32.496","milliseconds":"92496"}
{"raceId":"1099","driverId":"830","lap":"38","position":"2","time":"1:33.123","milliseconds":"93123"}
{"raceId":"1099","driverId":"830","lap":"39","position":"2","time":"1:32.432","milliseconds":"92432"}
{"raceId":"1099","driverId":"830","lap":"40","position":"2","time":"1:32.606","milliseconds":"92606"}
{"raceId":"1099","driverId":"830","lap":"41","position":"2","time":"1:32.638","milliseconds":"92638"}
{"raceId":"1099","driverId":"830","lap":"42","position":"2","time":"1:32.274","milliseconds":"92274"}
{"raceId":"1099","driverId":"830","lap":"43","position":"2","time":"1:32.343","milliseconds":"92343"}
{"raceId":"1099","driverId":"830","lap":"44","position":"2","time":"1:32.848","milliseconds":"92848"}
{"raceId":"1099","driverId":"830","lap":"45","position":"2","time":"1:32.968","milliseconds":"92968"}
{"raceId":"1099","driverId":"830","lap":"46","position":"2","time":"1:33.148","milliseconds":"93148"}
{"raceId":"1099","driverId":"830","lap":"47","position":"2","time":"1:33.238","milliseconds":"93238"}
{"raceId":"1099","driverId":"830","lap":"48","position":"2","time":"1:33.607","milliseconds":"93607"}
{"raceId":"1099","driverId":"830","lap":"49","position":"2","time":"1:33.835","milliseconds":"93835"}
{"raceId":"1099","driverId":"830","lap":"50","position":"2","time":"1:31.906","milliseconds":"91906"}
{"raceId":"1099","driverId":"852","lap":"1","position":"14","time":"1:45.589","milliseconds":"105589"}
{"raceId":"1099","driverId":"852","lap":"2","position":"14","time":"1:38.171","milliseconds":"98171"}
{"raceId":"1099","driverId":"852","lap":"3","position":"14","time":"1:37.150","milliseconds":"97150"}
{"raceId":"1099","driverId":"852","lap":"4","position":"14","time":"1:37.006","milliseconds":"97006"}
{"raceId":"1099","driverId":"852","lap":"5","position":"14","time":"1:36.705","milliseconds":"96705"}
{"raceId":"1099","driverId":"852","lap":"6","position":"14","time":"1:36.788","milliseconds":"96788"}
{"raceId":"1099","driverId":"852","lap":"7","position":"14","time":"1:36.655","milliseconds":"96655"}
{"raceId":"1099","driverId":"852","lap":"8","position":"13","time":"1:36.569","milliseconds":"96569"}
{"raceId":"1099","driverId":"852","lap":"9","position":"13","time":"1:36.285","milliseconds":"96285"}
{"raceId":"1099","driverId":"852","lap":"10","position":"13","time":"1:36.187","milliseconds":"96187"}
{"raceId":"1099","driverId":"852","lap":"11","position":"12","time":"1:36.200","milliseconds":"96200"}
{"raceId":"1099","driverId":"852","lap":"12","position":"11","time":"1:35.839","milliseconds":"95839"}
{"raceId":"1099","driverId":"852","lap":"13","position":"11","time":"1:36.087","milliseconds":"96087"}
{"raceId":"1099","driverId":"852","lap":"14","position":"10","time":"1:35.938","milliseconds":"95938"}
{"raceId":"1099","driverId":"852","lap":"15","position":"9","time":"1:35.616","milliseconds":"95616"}
{"raceId":"1099","driverId":"852","lap":"16","position":"8","time":"1:35.638","milliseconds":"95638"}
{"raceId":"1099","driverId":"852","lap":"17","position":"6","time":"1:42.410","milliseconds":"102410"}
{"raceId":"1099","driverId":"852","lap":"18","position":"8","time":"2:29.289","milliseconds":"149289"}
{"raceId":"1099","driverId":"852","lap":"19","position":"8","time":"2:14.657","milliseconds":"134657"}
{"raceId":"1099","driverId":"852","lap":"20","position":"8","time":"2:32.401","milliseconds":"152401"}
{"raceId":"1099","driverId":"852","lap":"21","position":"8","time":"1:38.152","milliseconds":"98152"}
{"raceId":"1099","driverId":"852","lap":"22","position":"8","time":"1:36.197","milliseconds":"96197"}
{"raceId":"1099","driverId":"852","lap":"23","position":"8","time":"1:35.717","milliseconds":"95717"}
{"raceId":"1099","driverId":"852","lap":"24","position":"9","time":"1:36.425","milliseconds":"96425"}
{"raceId":"1099","driverId":"852","lap":"25","position":"10","time":"1:36.833","milliseconds":"96833"}
{"raceId":"1099","driverId":"852","lap":"26","position":"10","time":"1:35.513","milliseconds":"95513"}
{"raceId":"1099","driverId":"852","lap":"27","position":"10","time":"1:35.392","milliseconds":"95392"}
{"raceId":"1099","driverId":"852","lap":"28","position":"10","time":"1:35.155","milliseconds":"95155"}
{"raceId":"1099","driverId":"852","lap":"29","position":"10","time":"1:34.791","milliseconds":"94791"}
{"raceId":"1099","driverId":"852","lap":"30","position":"10","time":"1:35.113","milliseconds":"95113"}
{"raceId":"1099","driverId":"852","lap":"31","position":"10","time":"1:34.929","milliseconds":"94929"}
{"raceId":"1099","driverId":"852","lap":"32","position":"10","time":"1:35.246","milliseconds":"95246"}
{"raceId":"1099","driverId":"852","lap":"33","position":"10","time":"1:34.797","milliseconds":"94797"}
{"raceId":"1099","driverId":"852","lap":"34","position":"10","time":"1:34.925","milliseconds":"94925"}
{"raceId":"1099","driverId":"852","lap":"35","position":"10","time":"1:34.878","milliseconds":"94878"}
{"raceId":"1099","driverId":"852","lap":"36","position":"10","time":"1:34.610","milliseconds":"94610"}
{"raceId":"1099","driverId":"852","lap":"37","position":"10","time":"1:34.715","milliseconds":"94715"}
{"raceId":"1099","driverId":"852","lap":"38","position":"10","time":"1:34.488","milliseconds":"94488"}
{"raceId":"1099","driverId":"852","lap":"39","position":"10","time":"1:34.353","milliseconds":"94353"}
{"raceId":"1099","driverId":"852","lap":"40","position":"10","time":"1:34.373","milliseconds":"94373"}
{"raceId":"1099","driverId":"852","lap":"41","position":"10","time":"1:34.316","milliseconds":"94316"}
{"raceId":"1099","driverId":"852","lap":"42","position":"10","time":"1:34.056","milliseconds":"94056"}
{"raceId":"1099","driverId":"852","lap":"43","position":"10","time":"1:33.989","milliseconds":"93989"}
{"raceId":"1099","driverId":"852","lap":"44","position":"10","time":"1:34.189","milliseconds":"94189"}
{"raceId":"1099","driverId":"852","lap":"45","position":"10","time":"1:34.599","milliseconds":"94599"}
{"raceId":"1099","driverId":"852","lap":"46","position":"11","time":"1:37.002","milliseconds":"97002"}
{"raceId":"1099","driverId":"852","lap":"47","position":"11","time":"1:34.282","milliseconds":"94282"}
{"raceId":"1099","driverId":"852","lap":"48","position":"11","time":"1:34.125","milliseconds":"94125"}
{"raceId":"1099","driverId":"852","lap":"49","position":"11","time":"1:34.117","milliseconds":"94117"}
{"raceId":"1099","driverId":"852","lap":"50","position":"11","time":"1:33.931","milliseconds":"93931"}
{"raceId":"1099","driverId":"822","lap":"1","position":"15","time":"1:45.612","milliseconds":"105612"}
{"raceId":"1099","driverId":"822","lap":"2","position":"15","time":"1:38.763","milliseconds":"98763"}
{"raceId":"1099","driverId":"822","lap":"3","position":"15","time":"1:36.956","milliseconds":"96956"}
{"raceId":"1099","driverId":"822","lap":"4","position":"15","time":"1:37.211","milliseconds":"97211"}
{"raceId":"1099","driverId":"822","lap":"5","position":"15","time":"1:36.597","milliseconds":"96597"}
{"raceId":"1099","driverId":"822","lap":"6","position":"15","time":"1:37.418","milliseconds":"97418"}
{"raceId":"1099","driverId":"822","lap":"7","position":"15","time":"1:37.674","milliseconds":"97674"}
{"raceId":"1099","driverId":"822","lap":"8","position":"16","time":"1:38.831","milliseconds":"98831"}
{"raceId":"1099","driverId":"822","lap":"9","position":"17","time":"1:39.617","milliseconds":"99617"}
{"raceId":"1099","driverId":"822","lap":"10","position":"19","time":"1:54.489","milliseconds":"114489"}
{"raceId":"1099","driverId":"822","lap":"11","position":"19","time":"1:36.218","milliseconds":"96218"}
{"raceId":"1099","driverId":"822","lap":"12","position":"19","time":"1:35.927","milliseconds":"95927"}
{"raceId":"1099","driverId":"822","lap":"13","position":"19","time":"1:36.495","milliseconds":"96495"}
{"raceId":"1099","driverId":"822","lap":"14","position":"19","time":"1:36.207","milliseconds":"96207"}
{"raceId":"1099","driverId":"822","lap":"15","position":"19","time":"1:36.259","milliseconds":"96259"}
{"raceId":"1099","driverId":"822","lap":"16","position":"19","time":"1:36.153","milliseconds":"96153"}
{"raceId":"1099","driverId":"822","lap":"17","position":"19","time":"1:58.961","milliseconds":"118961"}
{"raceId":"1099","driverId":"822","lap":"18","position":"19","time":"2:31.150","milliseconds":"151150"}
{"raceId":"1099","driverId":"822","lap":"19","position":"19","time":"1:55.770","milliseconds":"115770"}
{"raceId":"1099","driverId":"822","lap":"20","position":"18","time":"2:08.105","milliseconds":"128105"}
{"raceId":"1099","driverId":"822","lap":"21","position":"18","time":"1:39.065","milliseconds":"99065"}
{"raceId":"1099","driverId":"822","lap":"22","position":"19","time":"1:38.366","milliseconds":"98366"}
{"raceId":"1099","driverId":"822","lap":"23","position":"19","time":"1:38.218","milliseconds":"98218"}
{"raceId":"1099","driverId":"822","lap":"24","position":"19","time":"1:36.239","milliseconds":"96239"}
{"raceId":"1099","driverId":"822","lap":"25","position":"19","time":"1:36.412","milliseconds":"96412"}
{"raceId":"1099","driverId":"822","lap":"26","position":"19","time":"1:36.343","milliseconds":"96343"}
{"raceId":"1099","driverId":"822","lap":"27","position":"18","time":"1:36.993","milliseconds":"96993"}
{"raceId":"1099","driverId":"822","lap":"28","position":"18","time":"1:36.128","milliseconds":"96128"}
{"raceId":"1099","driverId":"822","lap":"29","position":"18","time":"1:36.166","milliseconds":"96166"}
{"raceId":"1099","driverId":"822","lap":"30","position":"18","time":"1:35.846","milliseconds":"95846"}
{"raceId":"1099","driverId":"822","lap":"31","position":"18","time":"1:36.248","milliseconds":"96248"}
{"raceId":"1099","driverId":"822","lap":"32","position":"18","time":"1:36.142","milliseconds":"96142"}
{"raceId":"1099","driverId":"822","lap":"33","position":"18","time":"1:35.997","milliseconds":"95997"}
{"raceId":"1099","driverId":"822","lap":"34","position":"18","time":"1:36.148","milliseconds":"96148"}
{"raceId":"1099","driverId":"822","lap":"35","position":"18","time":"1:38.834","milliseconds":"98834"}
{"raceId":"1099","driverId":"822","lap":"36","position":"18","time":"1:54.109","milliseconds":"114109"}
{"raceId":"1099","driverId":"822","lap":"37","position":"18","time":"1:34.384","milliseconds":"94384"}
{"raceId":"1099","driverId":"822","lap":"38","position":"18","time":"1:34.976","milliseconds":"94976"}
{"raceId":"1099","driverId":"822","lap":"39","position":"18","time":"1:35.348","milliseconds":"95348"}
{"raceId":"1099","driverId":"822","lap":"40","position":"18","time":"1:36.474","milliseconds":"96474"}
{"raceId":"1099","driverId":"822","lap":"41","position":"18","time":"1:36.700","milliseconds":"96700"}
{"raceId":"1099","driverId":"822","lap":"42","position":"18","time":"1:35.325","milliseconds":"95325"}
{"raceId":"1099","driverId":"822","lap":"43","position":"18","time":"1:35.288","milliseconds":"95288"}
{"raceId":"1099","driverId":"822","lap":"44","position":"18","time":"1:35.004","milliseconds":"95004"}
{"raceId":"1099","driverId":"822","lap":"45","position":"18","time":"1:35.227","milliseconds":"95227"}
{"raceId":"1099","driverId":"822","lap":"46","position":"18","time":"1:35.283","milliseconds":"95283"}
{"raceId":"1099","driverId":"822","lap":"47","position":"18","time":"1:36.694","milliseconds":"96694"}
{"raceId":"1099","driverId":"822","lap":"48","position":"18","time":"1:36.607","milliseconds":"96607"}
{"raceId":"1099","driverId":"822","lap":"49","position":"18","time":"1:35.501","milliseconds":"95501"}
{"raceId":"1099","driverId":"848","lap":"1","position":"16","time":"1:45.985","milliseconds":"105985"}
{"raceId":"1099","driverId":"848","lap":"2","position":"16","time":"1:38.916","milliseconds":"98916"}
{"raceId":"1099","driverId":"848","lap":"3","position":"16","time":"1:37.065","milliseconds":"97065"}
{"raceId":"1099","driverId":"848","lap":"4","position":"16","time":"1:36.913","milliseconds":"96913"}
{"raceId":"1099","driverId":"848","lap":"5","position":"16","time":"1:37.108","milliseconds":"97108"}
{"raceId":"1099","driverId":"848","lap":"6","position":"16","time":"1:37.004","milliseconds":"97004"}
{"raceId":"1099","driverId":"848","lap":"7","position":"16","time":"1:37.577","milliseconds":"97577"}
{"raceId":"1099","driverId":"848","lap":"8","position":"15","time":"1:37.053","milliseconds":"97053"}
{"raceId":"1099","driverId":"848","lap":"9","position":"14","time":"1:36.126","milliseconds":"96126"}
{"raceId":"1099","driverId":"848","lap":"10","position":"14","time":"1:36.311","milliseconds":"96311"}
{"raceId":"1099","driverId":"848","lap":"11","position":"14","time":"1:35.911","milliseconds":"95911"}
{"raceId":"1099","driverId":"848","lap":"12","position":"12","time":"1:36.066","milliseconds":"96066"}
{"raceId":"1099","driverId":"848","lap":"13","position":"12","time":"1:36.026","milliseconds":"96026"}
{"raceId":"1099","driverId":"848","lap":"14","position":"12","time":"1:36.878","milliseconds":"96878"}
{"raceId":"1099","driverId":"848","lap":"15","position":"11","time":"1:36.622","milliseconds":"96622"}
{"raceId":"1099","driverId":"848","lap":"16","position":"11","time":"1:36.830","milliseconds":"96830"}
{"raceId":"1099","driverId":"848","lap":"17","position":"9","time":"1:44.635","milliseconds":"104635"}
{"raceId":"1099","driverId":"848","lap":"18","position":"13","time":"2:30.389","milliseconds":"150389"}
{"raceId":"1099","driverId":"848","lap":"19","position":"12","time":"2:10.688","milliseconds":"130688"}
{"raceId":"1099","driverId":"848","lap":"20","position":"12","time":"2:28.460","milliseconds":"148460"}
{"raceId":"1099","driverId":"848","lap":"21","position":"13","time":"1:39.011","milliseconds":"99011"}
{"raceId":"1099","driverId":"848","lap":"22","position":"13","time":"1:36.964","milliseconds":"96964"}
{"raceId":"1099","driverId":"848","lap":"23","position":"13","time":"1:35.656","milliseconds":"95656"}
{"raceId":"1099","driverId":"848","lap":"24","position":"13","time":"1:35.567","milliseconds":"95567"}
{"raceId":"1099","driverId":"848","lap":"25","position":"13","time":"1:36.007","milliseconds":"96007"}
{"raceId":"1099","driverId":"848","lap":"26","position":"15","time":"1:38.229","milliseconds":"98229"}
{"raceId":"1099","driverId":"848","lap":"27","position":"19","time":"2:31.949","milliseconds":"151949"}
{"raceId":"1099","driverId":"846","lap":"1","position":"17","time":"1:46.323","milliseconds":"106323"}
{"raceId":"1099","driverId":"846","lap":"2","position":"19","time":"1:43.070","milliseconds":"103070"}
{"raceId":"1099","driverId":"846","lap":"3","position":"20","time":"2:03.534","milliseconds":"123534"}
{"raceId":"1099","driverId":"846","lap":"4","position":"20","time":"1:36.627","milliseconds":"96627"}
{"raceId":"1099","driverId":"846","lap":"5","position":"20","time":"1:35.929","milliseconds":"95929"}
{"raceId":"1099","driverId":"846","lap":"6","position":"20","time":"1:35.963","milliseconds":"95963"}
{"raceId":"1099","driverId":"846","lap":"7","position":"20","time":"1:35.771","milliseconds":"95771"}
{"raceId":"1099","driverId":"846","lap":"8","position":"20","time":"1:35.523","milliseconds":"95523"}
{"raceId":"1099","driverId":"846","lap":"9","position":"20","time":"1:35.721","milliseconds":"95721"}
{"raceId":"1099","driverId":"846","lap":"10","position":"20","time":"1:36.141","milliseconds":"96141"}
{"raceId":"1099","driverId":"846","lap":"11","position":"20","time":"1:36.100","milliseconds":"96100"}
{"raceId":"1099","driverId":"846","lap":"12","position":"20","time":"1:36.285","milliseconds":"96285"}
{"raceId":"1099","driverId":"846","lap":"13","position":"20","time":"1:36.269","milliseconds":"96269"}
{"raceId":"1099","driverId":"846","lap":"14","position":"20","time":"1:36.289","milliseconds":"96289"}
{"raceId":"1099","driverId":"846","lap":"15","position":"20","time":"1:36.228","milliseconds":"96228"}
{"raceId":"1099","driverId":"846","lap":"16","position":"20","time":"1:36.446","milliseconds":"96446"}
{"raceId":"1099","driverId":"846","lap":"17","position":"18","time":"1:56.008","milliseconds":"116008"}
{"raceId":"1099","driverId":"846","lap":"18","position":"18","time":"2:17.711","milliseconds":"137711"}
{"raceId":"1099","driverId":"846","lap":"19","position":"18","time":"2:00.488","milliseconds":"120488"}
{"raceId":"1099","driverId":"846","lap":"20","position":"19","time":"2:18.348","milliseconds":"138348"}
{"raceId":"1099","driverId":"846","lap":"21","position":"19","time":"1:39.300","milliseconds":"99300"}
{"raceId":"1099","driverId":"846","lap":"22","position":"18","time":"1:37.700","milliseconds":"97700"}
{"raceId":"1099","driverId":"846","lap":"23","position":"18","time":"1:36.253","milliseconds":"96253"}
{"raceId":"1099","driverId":"846","lap":"24","position":"18","time":"1:36.251","milliseconds":"96251"}
{"raceId":"1099","driverId":"846","lap":"25","position":"17","time":"1:35.515","milliseconds":"95515"}
{"raceId":"1099","driverId":"846","lap":"26","position":"17","time":"1:35.315","milliseconds":"95315"}
{"raceId":"1099","driverId":"846","lap":"27","position":"16","time":"1:35.574","milliseconds":"95574"}
{"raceId":"1099","driverId":"846","lap":"28","position":"16","time":"1:35.724","milliseconds":"95724"}
{"raceId":"1099","driverId":"846","lap":"29","position":"16","time":"1:35.729","milliseconds":"95729"}
{"raceId":"1099","driverId":"846","lap":"30","position":"16","time":"1:35.446","milliseconds":"95446"}
{"raceId":"1099","driverId":"846","lap":"31","position":"16","time":"1:35.694","milliseconds":"95694"}
{"raceId":"1099","driverId":"846","lap":"32","position":"16","time":"1:35.478","milliseconds":"95478"}
{"raceId":"1099","driverId":"846","lap":"33","position":"16","time":"1:35.490","milliseconds":"95490"}
{"raceId":"1099","driverId":"846","lap":"34","position":"16","time":"1:35.481","milliseconds":"95481"}
{"raceId":"1099","driverId":"846","lap":"35","position":"16","time":"1:35.261","milliseconds":"95261"}
{"raceId":"1099","driverId":"846","lap":"36","position":"16","time":"1:35.158","milliseconds":"95158"}
{"raceId":"1099","driverId":"846","lap":"37","position":"16","time":"1:35.005","milliseconds":"95005"}
{"raceId":"1099","driverId":"846","lap":"38","position":"16","time":"1:34.658","milliseconds":"94658"}
{"raceId":"1099","driverId":"846","lap":"39","position":"16","time":"1:35.057","milliseconds":"95057"}
{"raceId":"1099","driverId":"846","lap":"40","position":"16","time":"1:35.549","milliseconds":"95549"}
{"raceId":"1099","driverId":"846","lap":"41","position":"16","time":"1:34.969","milliseconds":"94969"}
{"raceId":"1099","driverId":"846","lap":"42","position":"16","time":"1:36.183","milliseconds":"96183"}
{"raceId":"1099","driverId":"846","lap":"43","position":"16","time":"1:35.228","milliseconds":"95228"}
{"raceId":"1099","driverId":"846","lap":"44","position":"17","time":"1:35.519","milliseconds":"95519"}
{"raceId":"1099","driverId":"846","lap":"45","position":"16","time":"1:34.871","milliseconds":"94871"}
{"raceId":"1099","driverId":"846","lap":"46","position":"16","time":"1:34.532","milliseconds":"94532"}
{"raceId":"1099","driverId":"846","lap":"47","position":"16","time":"1:34.818","milliseconds":"94818"}
{"raceId":"1099","driverId":"846","lap":"48","position":"17","time":"1:35.378","milliseconds":"95378"}
{"raceId":"1099","driverId":"846","lap":"49","position":"17","time":"1:34.122","milliseconds":"94122"}
{"raceId":"1099","driverId":"846","lap":"50","position":"17","time":"1:35.307","milliseconds":"95307"}
{"raceId":"1099","driverId":"856","lap":"1","position":"18","time":"1:46.740","milliseconds":"106740"}
{"raceId":"1099","driverId":"856","lap":"2","position":"18","time":"1:40.748","milliseconds":"100748"}
{"raceId":"1099","driverId":"856","lap":"3","position":"18","time":"1:36.945","milliseconds":"96945"}
{"raceId":"1099","driverId":"856","lap":"4","position":"18","time":"1:36.847","milliseconds":"96847"}
{"raceId":"1099","driverId":"856","lap":"5","position":"18","time":"1:36.992","milliseconds":"96992"}
{"raceId":"1099","driverId":"856","lap":"6","position":"18","time":"1:36.862","milliseconds":"96862"}
{"raceId":"1099","driverId":"856","lap":"7","position":"18","time":"1:37.087","milliseconds":"97087"}
{"raceId":"1099","driverId":"856","lap":"8","position":"17","time":"1:37.220","milliseconds":"97220"}
{"raceId":"1099","driverId":"856","lap":"9","position":"15","time":"1:37.249","milliseconds":"97249"}
{"raceId":"1099","driverId":"856","lap":"10","position":"15","time":"1:36.592","milliseconds":"96592"}
{"raceId":"1099","driverId":"856","lap":"11","position":"15","time":"1:36.520","milliseconds":"96520"}
{"raceId":"1099","driverId":"856","lap":"12","position":"13","time":"1:36.282","milliseconds":"96282"}
{"raceId":"1099","driverId":"856","lap":"13","position":"13","time":"1:36.014","milliseconds":"96014"}
{"raceId":"1099","driverId":"856","lap":"14","position":"13","time":"1:36.449","milliseconds":"96449"}
{"raceId":"1099","driverId":"856","lap":"15","position":"12","time":"1:36.017","milliseconds":"96017"}
{"raceId":"1099","driverId":"856","lap":"16","position":"12","time":"1:36.126","milliseconds":"96126"}
{"raceId":"1099","driverId":"856","lap":"17","position":"11","time":"1:49.322","milliseconds":"109322"}
{"raceId":"1099","driverId":"856","lap":"18","position":"16","time":"2:29.507","milliseconds":"149507"}
{"raceId":"1099","driverId":"856","lap":"19","position":"14","time":"2:07.643","milliseconds":"127643"}
{"raceId":"1099","driverId":"856","lap":"20","position":"14","time":"2:26.031","milliseconds":"146031"}
{"raceId":"1099","driverId":"856","lap":"21","position":"15","time":"1:39.388","milliseconds":"99388"}
{"raceId":"1099","driverId":"856","lap":"22","position":"15","time":"1:37.424","milliseconds":"97424"}
{"raceId":"1099","driverId":"856","lap":"23","position":"16","time":"1:37.103","milliseconds":"97103"}
{"raceId":"1099","driverId":"856","lap":"24","position":"16","time":"1:35.386","milliseconds":"95386"}
{"raceId":"1099","driverId":"856","lap":"25","position":"16","time":"1:35.686","milliseconds":"95686"}
{"raceId":"1099","driverId":"856","lap":"26","position":"16","time":"1:36.074","milliseconds":"96074"}
{"raceId":"1099","driverId":"856","lap":"27","position":"15","time":"1:35.766","milliseconds":"95766"}
{"raceId":"1099","driverId":"856","lap":"28","position":"15","time":"1:35.508","milliseconds":"95508"}
{"raceId":"1099","driverId":"856","lap":"29","position":"15","time":"1:35.759","milliseconds":"95759"}
{"raceId":"1099","driverId":"856","lap":"30","position":"15","time":"1:35.778","milliseconds":"95778"}
{"raceId":"1099","driverId":"856","lap":"31","position":"15","time":"1:35.640","milliseconds":"95640"}
{"raceId":"1099","driverId":"856","lap":"32","position":"15","time":"1:35.141","milliseconds":"95141"}
{"raceId":"1099","driverId":"856","lap":"33","position":"15","time":"1:35.188","milliseconds":"95188"}
{"raceId":"1099","driverId":"856","lap":"34","position":"15","time":"1:35.250","milliseconds":"95250"}
{"raceId":"1099","driverId":"856","lap":"35","position":"15","time":"1:35.027","milliseconds":"95027"}
{"raceId":"1099","driverId":"856","lap":"36","position":"15","time":"1:34.763","milliseconds":"94763"}
{"raceId":"1099","driverId":"856","lap":"37","position":"15","time":"1:35.127","milliseconds":"95127"}
{"raceId":"1099","driverId":"856","lap":"38","position":"15","time":"1:35.591","milliseconds":"95591"}
{"raceId":"1099","driverId":"856","lap":"39","position":"15","time":"1:35.769","milliseconds":"95769"}
{"raceId":"1099","driverId":"856","lap":"40","position":"15","time":"1:35.091","milliseconds":"95091"}
{"raceId":"1099","driverId":"856","lap":"41","position":"14","time":"1:35.319","milliseconds":"95319"}
{"raceId":"1099","driverId":"856","lap":"42","position":"14","time":"1:34.968","milliseconds":"94968"}
{"raceId":"1099","driverId":"856","lap":"43","position":"14","time":"1:34.220","milliseconds":"94220"}
{"raceId":"1099","driverId":"856","lap":"44","position":"14","time":"1:34.036","milliseconds":"94036"}
{"raceId":"1099","driverId":"856","lap":"45","position":"14","time":"1:34.126","milliseconds":"94126"}
{"raceId":"1099","driverId":"856","lap":"46","position":"14","time":"1:34.135","milliseconds":"94135"}
{"raceId":"1099","driverId":"856","lap":"47","position":"14","time":"1:34.183","milliseconds":"94183"}
{"raceId":"1099","driverId":"856","lap":"48","position":"14","time":"1:34.199","milliseconds":"94199"}
{"raceId":"1099","driverId":"856","lap":"49","position":"14","time":"1:33.609","milliseconds":"93609"}
{"raceId":"1099","driverId":"856","lap":"50","position":"14","time":"1:33.925","milliseconds":"93925"}
{"raceId":"1099","driverId":"857","lap":"1","position":"19","time":"1:47.254","milliseconds":"107254"}
{"raceId":"1099","driverId":"857","lap":"2","position":"20","time":"2:04.805","milliseconds":"124805"}
{"raceId":"1099","driverId":"857","lap":"3","position":"19","time":"1:35.634","milliseconds":"95634"}
{"raceId":"1099","driverId":"857","lap":"4","position":"19","time":"1:35.512","milliseconds":"95512"}
{"raceId":"1099","driverId":"857","lap":"5","position":"19","time":"1:35.662","milliseconds":"95662"}
{"raceId":"1099","driverId":"857","lap":"6","position":"19","time":"1:35.359","milliseconds":"95359"}
{"raceId":"1099","driverId":"857","lap":"7","position":"19","time":"1:35.636","milliseconds":"95636"}
{"raceId":"1099","driverId":"857","lap":"8","position":"19","time":"1:35.626","milliseconds":"95626"}
{"raceId":"1099","driverId":"857","lap":"9","position":"19","time":"1:35.900","milliseconds":"95900"}
{"raceId":"1099","driverId":"857","lap":"10","position":"18","time":"1:35.782","milliseconds":"95782"}
{"raceId":"1099","driverId":"857","lap":"11","position":"18","time":"1:35.899","milliseconds":"95899"}
{"raceId":"1099","driverId":"857","lap":"12","position":"18","time":"1:36.364","milliseconds":"96364"}
{"raceId":"1099","driverId":"857","lap":"13","position":"18","time":"1:36.654","milliseconds":"96654"}
{"raceId":"1099","driverId":"857","lap":"14","position":"18","time":"1:36.275","milliseconds":"96275"}
{"raceId":"1099","driverId":"857","lap":"15","position":"18","time":"1:36.082","milliseconds":"96082"}
{"raceId":"1099","driverId":"857","lap":"16","position":"18","time":"1:36.304","milliseconds":"96304"}
{"raceId":"1099","driverId":"857","lap":"17","position":"17","time":"1:51.270","milliseconds":"111270"}
{"raceId":"1099","driverId":"857","lap":"18","position":"17","time":"2:16.427","milliseconds":"136427"}
{"raceId":"1099","driverId":"857","lap":"19","position":"16","time":"2:07.588","milliseconds":"127588"}
{"raceId":"1099","driverId":"857","lap":"20","position":"16","time":"2:23.704","milliseconds":"143704"}
{"raceId":"1099","driverId":"857","lap":"21","position":"17","time":"1:39.663","milliseconds":"99663"}
{"raceId":"1099","driverId":"857","lap":"22","position":"17","time":"1:37.626","milliseconds":"97626"}
{"raceId":"1099","driverId":"857","lap":"23","position":"17","time":"1:36.562","milliseconds":"96562"}
{"raceId":"1099","driverId":"857","lap":"24","position":"17","time":"1:36.405","milliseconds":"96405"}
{"raceId":"1099","driverId":"857","lap":"25","position":"18","time":"1:36.735","milliseconds":"96735"}
{"raceId":"1099","driverId":"857","lap":"26","position":"18","time":"1:35.752","milliseconds":"95752"}
{"raceId":"1099","driverId":"857","lap":"27","position":"17","time":"1:35.973","milliseconds":"95973"}
{"raceId":"1099","driverId":"857","lap":"28","position":"17","time":"1:35.543","milliseconds":"95543"}
{"raceId":"1099","driverId":"857","lap":"29","position":"17","time":"1:35.949","milliseconds":"95949"}
{"raceId":"1099","driverId":"857","lap":"30","position":"17","time":"1:35.673","milliseconds":"95673"}
{"raceId":"1099","driverId":"857","lap":"31","position":"17","time":"1:35.446","milliseconds":"95446"}
{"raceId":"1099","driverId":"857","lap":"32","position":"17","time":"1:35.224","milliseconds":"95224"}
{"raceId":"1099","driverId":"857","lap":"33","position":"17","time":"1:35.644","milliseconds":"95644"}
{"raceId":"1099","driverId":"857","lap":"34","position":"17","time":"1:35.470","milliseconds":"95470"}
{"raceId":"1099","driverId":"857","lap":"35","position":"17","time":"1:35.277","milliseconds":"95277"}
{"raceId":"1099","driverId":"857","lap":"36","position":"17","time":"1:35.005","milliseconds":"95005"}
{"raceId":"1099","driverId":"857","lap":"37","position":"17","time":"1:34.859","milliseconds":"94859"}
{"raceId":"1099","driverId":"857","lap":"38","position":"17","time":"1:34.827","milliseconds":"94827"}
{"raceId":"1099","driverId":"857","lap":"39","position":"17","time":"1:34.949","milliseconds":"94949"}
{"raceId":"1099","driverId":"857","lap":"40","position":"17","time":"1:34.429","milliseconds":"94429"}
{"raceId":"1099","driverId":"857","lap":"41","position":"17","time":"1:35.301","milliseconds":"95301"}
{"raceId":"1099","driverId":"857","lap":"42","position":"17","time":"1:35.951","milliseconds":"95951"}
{"raceId":"1099","driverId":"857","lap":"43","position":"17","time":"1:35.257","milliseconds":"95257"}
{"raceId":"1099","driverId":"857","lap":"44","position":"16","time":"1:34.861","milliseconds":"94861"}
{"raceId":"1099","driverId":"857","lap":"45","position":"17","time":"1:35.625","milliseconds":"95625"}
{"raceId":"1099","driverId":"857","lap":"46","position":"17","time":"1:34.467","milliseconds":"94467"}
{"raceId":"1099","driverId":"857","lap":"47","position":"17","time":"1:34.509","milliseconds":"94509"}
{"raceId":"1099","driverId":"857","lap":"48","position":"16","time":"1:34.287","milliseconds":"94287"}
{"raceId":"1099","driverId":"857","lap":"49","position":"16","time":"1:34.291","milliseconds":"94291"}
{"raceId":"1099","driverId":"857","lap":"50","position":"15","time":"1:34.618","milliseconds":"94618"}
{"raceId":"1099","driverId":"858","lap":"1","position":"20","time":"1:47.264","milliseconds":"107264"}
{"raceId":"1099","driverId":"858","lap":"2","position":"17","time":"1:39.426","milliseconds":"99426"}
{"raceId":"1099","driverId":"858","lap":"3","position":"17","time":"1:36.997","milliseconds":"96997"}
{"raceId":"1099","driverId":"858","lap":"4","position":"17","time":"1:36.844","milliseconds":"96844"}
{"raceId":"1099","driverId":"858","lap":"5","position":"17","time":"1:36.881","milliseconds":"96881"}
{"raceId":"1099","driverId":"858","lap":"6","position":"17","time":"1:37.043","milliseconds":"97043"}
{"raceId":"1099","driverId":"858","lap":"7","position":"17","time":"1:37.282","milliseconds":"97282"}
{"raceId":"1099","driverId":"858","lap":"8","position":"18","time":"1:38.259","milliseconds":"98259"}
{"raceId":"1099","driverId":"858","lap":"9","position":"16","time":"1:37.159","milliseconds":"97159"}
{"raceId":"1099","driverId":"858","lap":"10","position":"16","time":"1:36.757","milliseconds":"96757"}
{"raceId":"1099","driverId":"858","lap":"11","position":"16","time":"1:36.735","milliseconds":"96735"}
{"raceId":"1099","driverId":"858","lap":"12","position":"14","time":"1:36.645","milliseconds":"96645"}
{"raceId":"1099","driverId":"858","lap":"13","position":"14","time":"1:36.126","milliseconds":"96126"}
{"raceId":"1099","driverId":"858","lap":"14","position":"14","time":"1:36.434","milliseconds":"96434"}
{"raceId":"1099","driverId":"858","lap":"15","position":"13","time":"1:36.190","milliseconds":"96190"}
{"raceId":"1099","driverId":"858","lap":"16","position":"13","time":"1:36.154","milliseconds":"96154"}
{"raceId":"1099","driverId":"858","lap":"17","position":"10","time":"1:47.279","milliseconds":"107279"}
{"raceId":"1099","driverId":"858","lap":"18","position":"10","time":"2:16.225","milliseconds":"136225"}
{"raceId":"1099","driverId":"858","lap":"19","position":"15","time":"2:22.638","milliseconds":"142638"}
{"raceId":"1099","driverId":"858","lap":"20","position":"15","time":"2:24.920","milliseconds":"144920"}
{"raceId":"1099","driverId":"858","lap":"21","position":"14","time":"1:38.699","milliseconds":"98699"}
{"raceId":"1099","driverId":"858","lap":"22","position":"14","time":"1:37.110","milliseconds":"97110"}
{"raceId":"1099","driverId":"858","lap":"23","position":"14","time":"1:35.822","milliseconds":"95822"}
{"raceId":"1099","driverId":"858","lap":"24","position":"14","time":"1:35.557","milliseconds":"95557"}
{"raceId":"1099","driverId":"858","lap":"25","position":"14","time":"1:35.738","milliseconds":"95738"}
{"raceId":"1099","driverId":"858","lap":"26","position":"13","time":"1:36.912","milliseconds":"96912"}
{"raceId":"1099","driverId":"858","lap":"27","position":"13","time":"1:35.604","milliseconds":"95604"}
{"raceId":"1099","driverId":"858","lap":"28","position":"13","time":"1:35.208","milliseconds":"95208"}
{"raceId":"1099","driverId":"858","lap":"29","position":"13","time":"1:34.738","milliseconds":"94738"}
{"raceId":"1099","driverId":"858","lap":"30","position":"13","time":"1:36.407","milliseconds":"96407"}
{"raceId":"1099","driverId":"858","lap":"31","position":"13","time":"1:35.039","milliseconds":"95039"}
{"raceId":"1099","driverId":"858","lap":"32","position":"13","time":"1:35.314","milliseconds":"95314"}
{"raceId":"1099","driverId":"858","lap":"33","position":"13","time":"1:35.325","milliseconds":"95325"}
{"raceId":"1099","driverId":"858","lap":"34","position":"13","time":"1:35.069","milliseconds":"95069"}
{"raceId":"1099","driverId":"858","lap":"35","position":"13","time":"1:35.523","milliseconds":"95523"}
{"raceId":"1099","driverId":"858","lap":"36","position":"13","time":"1:35.534","milliseconds":"95534"}
{"raceId":"1099","driverId":"858","lap":"37","position":"13","time":"1:35.437","milliseconds":"95437"}
{"raceId":"1099","driverId":"858","lap":"38","position":"14","time":"1:36.144","milliseconds":"96144"}
{"raceId":"1099","driverId":"858","lap":"39","position":"14","time":"1:35.718","milliseconds":"95718"}
{"raceId":"1099","driverId":"858","lap":"40","position":"14","time":"1:35.180","milliseconds":"95180"}
{"raceId":"1099","driverId":"858","lap":"41","position":"15","time":"1:35.974","milliseconds":"95974"}
{"raceId":"1099","driverId":"858","lap":"42","position":"15","time":"1:35.920","milliseconds":"95920"}
{"raceId":"1099","driverId":"858","lap":"43","position":"15","time":"1:35.229","milliseconds":"95229"}
{"raceId":"1099","driverId":"858","lap":"44","position":"15","time":"1:34.905","milliseconds":"94905"}
{"raceId":"1099","driverId":"858","lap":"45","position":"15","time":"1:35.130","milliseconds":"95130"}
{"raceId":"1099","driverId":"858","lap":"46","position":"15","time":"1:34.569","milliseconds":"94569"}
{"raceId":"1099","driverId":"858","lap":"47","position":"15","time":"1:34.896","milliseconds":"94896"}
{"raceId":"1099","driverId":"858","lap":"48","position":"15","time":"1:34.584","milliseconds":"94584"}
{"raceId":"1099","driverId":"858","lap":"49","position":"15","time":"1:34.469","milliseconds":"94469"}
{"raceId":"1099","driverId":"858","lap":"50","position":"16","time":"1:36.175","milliseconds":"96175"}
