{"qualifyId":"9653","raceId":"1099","driverId":"815","constructorId":"9","number":"11","position":"1","q1":"1:29.244","q2":"1:28.635","q3":"1:28.265"}
{"qualifyId":"9654","raceId":"1099","driverId":"844","constructorId":"6","number":"16","position":"2","q1":"1:29.376","q2":"1:28.903","q3":"1:28.420"}
{"qualifyId":"9655","raceId":"1099","driverId":"4","constructorId":"117","number":"14","position":"3","q1":"1:29.298","q2":"1:28.757","q3":"1:28.730"}
{"qualifyId":"9656","raceId":"1099","driverId":"847","constructorId":"131","number":"63","position":"4","q1":"1:29.592","q2":"1:29.132","q3":"1:28.857"}
{"qualifyId":"9657","raceId":"1099","driverId":"832","constructorId":"6","number":"55","position":"5","q1":"1:29.411","q2":"1:28.957","q3":"1:28.931"}
{"qualifyId":"9658","raceId":"1099","driverId":"840","constructorId":"117","number":"18","position":"6","q1":"1:29.335","q2":"1:28.962","q3":"1:28.945"}
{"qualifyId":"9659","raceId":"1099","driverId":"839","constructorId":"214","number":"31","position":"7","q1":"1:29.707","q2":"1:29.255","q3":"1:29.078"}
{"qualifyId":"9660","raceId":"1099","driverId":"1","constructorId":"131","number":"44","position":"8","q1":"1:29.689","q2":"1:29.374","q3":"1:29.223"}
{"qualifyId":"9661","raceId":"1099","driverId":"857","constructorId":"1","number":"81","position":"9","q1":"1:29.706","q2":"1:29.378","q3":"1:29.243"}
{"qualifyId":"9662","raceId":"1099","driverId":"842","constructorId":"214","number":"10","position":"10","q1":"1:29.890","q2":"1:29.411","q3":"1:29.357"}
{"qualifyId":"9663","raceId":"1099","driverId":"807","constructorId":"210","number":"27","position":"11","q1":"1:29.547","q2":"1:29.451"}
{"qualifyId":"9664","raceId":"1099","driverId":"855","constructorId":"51","number":"24","position":"12","q1":"1:29.654","q2":"1:29.461"}
{"qualifyId":"9665","raceId":"1099","driverId":"825","constructorId":"210","number":"20","position":"13","q1":"1:29.744","q2":"1:29.634"}
{"qualifyId":"9666","raceId":"1099","driverId":"822","constructorId":"51","number":"77","position":"14","q1":"1:29.929","q2":"1:29.668"}
{"qualifyId":"9667","raceId":"1099","driverId":"830","constructorId":"9","number":"1","position":"15","q1":"1:28.761","q2":"1:49.953"}
{"qualifyId":"9668","raceId":"1099","driverId":"852","constructorId":"213","number":"22","position":"16","q1":"1:29.939"}
{"qualifyId":"9669","raceId":"1099","driverId":"848","constructorId":"3","number":"23","position":"17","q1":"1:29.994"}
{"qualifyId":"9670","raceId":"1099","driverId":"856","constructorId":"213","number":"21","position":"18","q1":"1:30.244"}
{"qualifyId":"9671","raceId":"1099","driverId":"846","constructorId":"1","number":"4","position":"19","q1":"1:30.447"}
{"qualifyId":"9672","raceId":"1099","driverId":"858","constructorId":"3","number":"2","position":"20","q1":"2:08.510"}
