{"qualifyId":"9673","raceId":"1100","driverId":"830","constructorId":"9","number":"1","position":"1","q1":"1:17.384","q2":"1:17.056","q3":"1:16.732"}
{"qualifyId":"9674","raceId":"1100","driverId":"847","constructorId":"131","number":"63","position":"2","q1":"1:17.654","q2":"1:17.513","q3":"1:16.968"}
{"qualifyId":"9675","raceId":"1100","driverId":"1","constructorId":"131","number":"44","position":"3","q1":"1:17.689","q2":"1:17.551","q3":"1:17.104"}
{"qualifyId":"9676","raceId":"1100","driverId":"4","constructorId":"117","number":"14","position":"4","q1":"1:17.832","q2":"1:17.283","q3":"1:17.139"}
{"qualifyId":"9677","raceId":"1100","driverId":"832","constructorId":"6","number":"55","position":"5","q1":"1:17.928","q2":"1:17.349","q3":"1:17.270"}
{"qualifyId":"9678","raceId":"1100","driverId":"840","constructorId":"117","number":"18","position":"6","q1":"1:17.873","q2":"1:17.616","q3":"1:17.308"}
{"qualifyId":"9679","raceId":"1100","driverId":"844","constructorId":"6","number":"16","position":"7","q1":"1:18.218","q2":"1:17.390","q3":"1:17.369"}
{"qualifyId":"9680","raceId":"1100","driverId":"848","constructorId":"3","number":"23","position":"8","q1":"1:17.962","q2":"1:17.761","q3":"1:17.609"}
{"qualifyId":"9681","raceId":"1100","driverId":"842","constructorId":"214","number":"10","position":"9","q1":"1:18.312","q2":"1:17.574","q3":"1:17.675"}
{"qualifyId":"9682","raceId":"1100","driverId":"807","constructorId":"210","number":"27","position":"10","q1":"1:18.029","q2":"1:17.412","q3":"1:17.735"}
{"qualifyId":"9683","raceId":"1100","driverId":"839","constructorId":"214","number":"31","position":"11","q1":"1:17.770","q2":"1:17.768"}
{"qualifyId":"9684","raceId":"1100","driverId":"852","constructorId":"213","number":"22","position":"12","q1":"1:18.471","q2":"1:18.099"}
{"qualifyId":"9685","raceId":"1100","driverId":"846","constructorId":"1","number":"4","position":"13","q1":"1:18.243","q2":"1:18.119"}
{"qualifyId":"9686","raceId":"1100","driverId":"825","constructorId":"210","number":"20","position":"14","q1":"1:18.159","q2":"1:18.129"}
{"qualifyId":"9687","raceId":"1100","driverId":"856","constructorId":"213","number":"21","position":"15","q1":"1:18.450","q2":"1:18.335"}
{"qualifyId":"9688","raceId":"1100","driverId":"857","constructorId":"1","number":"81","position":"16","q1":"1:18.517"}
{"qualifyId":"9689","raceId":"1100","driverId":"855","constructorId":"51","number":"24","position":"17","q1":"1:18.540"}
{"qualifyId":"9690","raceId":"1100","driverId":"858","constructorId":"3","number":"2","position":"18","q1":"1:18.557"}
{"qualifyId":"9691","raceId":"1100","driverId":"822","constructorId":"51","number":"77","position":"19","q1":"1:18.714"}
{"qualifyId":"9692","raceId":"1100","driverId":"815","constructorId":"9","number":"11","position":"20","q1":"\\N","q2":"\\N","q3":"\\N"}
