{"qualifyId":"9713","raceId":"1102","driverId":"815","constructorId":"9","number":"11","position":"1","q1":"1:27.713","q2":"1:27.328","q3":"1:26.841"}
{"qualifyId":"9714","raceId":"1102","driverId":"4","constructorId":"117","number":"14","position":"2","q1":"1:28.179","q2":"1:27.097","q3":"1:27.202"}
{"qualifyId":"9715","raceId":"1102","driverId":"832","constructorId":"6","number":"55","position":"3","q1":"1:27.686","q2":"1:27.148","q3":"1:27.349"}
{"qualifyId":"9716","raceId":"1102","driverId":"825","constructorId":"210","number":"20","position":"4","q1":"1:27.809","q2":"1:27.673","q3":"1:27.767"}
{"qualifyId":"9717","raceId":"1102","driverId":"842","constructorId":"214","number":"10","position":"5","q1":"1:28.061","q2":"1:27.612","q3":"1:27.786"}
{"qualifyId":"9718","raceId":"1102","driverId":"847","constructorId":"131","number":"63","position":"6","q1":"1:28.086","q2":"1:27.743","q3":"1:27.804"}
{"qualifyId":"9719","raceId":"1102","driverId":"844","constructorId":"6","number":"16","position":"7","q1":"1:27.713","q2":"1:26.964","q3":"1:27.861"}
{"qualifyId":"9720","raceId":"1102","driverId":"839","constructorId":"214","number":"31","position":"8","q1":"1:27.872","q2":"1:27.444","q3":"1:27.935"}
{"qualifyId":"9721","raceId":"1102","driverId":"830","constructorId":"9","number":"1","position":"9","q1":"1:27.363","q2":"1:26.814","q3":"\\N"}
{"qualifyId":"9722","raceId":"1102","driverId":"822","constructorId":"51","number":"77","position":"10","q1":"1:27.864","q2":"1:27.564","q3":"\\N"}
{"qualifyId":"9723","raceId":"1102","driverId":"848","constructorId":"3","number":"23","position":"11","q1":"1:28.234","q2":"1:27.795","q3":"\\N"}
{"qualifyId":"9724","raceId":"1102","driverId":"807","constructorId":"210","number":"27","position":"12","q1":"1:27.945","q2":"1:27.903","q3":"\\N"}
{"qualifyId":"9725","raceId":"1102","driverId":"1","constructorId":"131","number":"44","position":"13","q1":"1:27.846","q2":"1:27.975","q3":"\\N"}
{"qualifyId":"9726","raceId":"1102","driverId":"855","constructorId":"51","number":"24","position":"14","q1":"1:28.180","q2":"1:28.091","q3":"\\N"}
{"qualifyId":"9727","raceId":"1102","driverId":"856","constructorId":"213","number":"21","position":"15","q1":"1:28.325","q2":"1:28.395","q3":"\\N"}
{"qualifyId":"9728","raceId":"1102","driverId":"846","constructorId":"1","number":"4","position":"16","q1":"1:28.394","q2":"\\N","q3":"\\N"}
{"qualifyId":"9729","raceId":"1102","driverId":"852","constructorId":"213","number":"22","position":"17","q1":"1:28.429","q2":"\\N","q3":"\\N"}
{"qualifyId":"9730","raceId":"1102","driverId":"840","constructorId":"117","number":"18","position":"18","q1":"1:28.476","q2":"\\N","q3":"\\N"}
{"qualifyId":"9731","raceId":"1102","driverId":"857","constructorId":"1","number":"81","position":"19","q1":"1:28.484","q2":"\\N","q3":"\\N"}
{"qualifyId":"9732","raceId":"1102","driverId":"858","constructorId":"3","number":"2","position":"20","q1":"1:28.577","q2":"\\N","q3":"\\N"}
