{"qualifyId":"9733","raceId":"1104","driverId":"830","constructorId":"9","number":"1","position":"1","q1":"1:12.386","q2":"1:11.908","q3":"1:11.365"}
{"qualifyId":"9734","raceId":"1104","driverId":"4","constructorId":"117","number":"14","position":"2","q1":"1:12.886","q2":"1:12.107","q3":"1:11.449"}
{"qualifyId":"9735","raceId":"1104","driverId":"844","constructorId":"6","number":"16","position":"3","q1":"1:12.912","q2":"1:12.103","q3":"1:11.471"}
{"qualifyId":"9736","raceId":"1104","driverId":"839","constructorId":"214","number":"31","position":"4","q1":"1:12.967","q2":"1:12.248","q3":"1:11.553"}
{"qualifyId":"9737","raceId":"1104","driverId":"832","constructorId":"6","number":"55","position":"5","q1":"1:12.717","q2":"1:12.210","q3":"1:11.630"}
{"qualifyId":"9738","raceId":"1104","driverId":"1","constructorId":"131","number":"44","position":"6","q1":"1:12.872","q2":"1:12.156","q3":"1:11.725"}
{"qualifyId":"9739","raceId":"1104","driverId":"842","constructorId":"214","number":"10","position":"7","q1":"1:13.033","q2":"1:12.169","q3":"1:11.933"}
{"qualifyId":"9740","raceId":"1104","driverId":"847","constructorId":"131","number":"63","position":"8","q1":"1:12.769","q2":"1:12.151","q3":"1:11.964"}
{"qualifyId":"9741","raceId":"1104","driverId":"852","constructorId":"213","number":"22","position":"9","q1":"1:12.642","q2":"1:12.249","q3":"1:12.082"}
{"qualifyId":"9742","raceId":"1104","driverId":"846","constructorId":"1","number":"4","position":"10","q1":"1:12.877","q2":"1:12.377","q3":"1:12.254"}
{"qualifyId":"9743","raceId":"1104","driverId":"857","constructorId":"1","number":"81","position":"11","q1":"1:13.006","q2":"1:12.395","q3":"\\N"}
{"qualifyId":"9744","raceId":"1104","driverId":"856","constructorId":"213","number":"21","position":"12","q1":"1:13.054","q2":"1:12.428","q3":"\\N"}
{"qualifyId":"9745","raceId":"1104","driverId":"848","constructorId":"3","number":"23","position":"13","q1":"1:12.706","q2":"1:12.527","q3":"\\N"}
{"qualifyId":"9746","raceId":"1104","driverId":"840","constructorId":"117","number":"18","position":"14","q1":"1:12.722","q2":"1:12.623","q3":"\\N"}
{"qualifyId":"9747","raceId":"1104","driverId":"822","constructorId":"51","number":"77","position":"15","q1":"1:13.038","q2":"1:12.625","q3":"\\N"}
{"qualifyId":"9748","raceId":"1104","driverId":"858","constructorId":"3","number":"2","position":"16","q1":"1:13.113","q2":"\\N","q3":"\\N"}
{"qualifyId":"9749","raceId":"1104","driverId":"825","constructorId":"210","number":"20","position":"17","q1":"1:13.270","q2":"\\N","q3":"\\N"}
{"qualifyId":"9750","raceId":"1104","driverId":"807","constructorId":"210","number":"27","position":"18","q1":"1:13.279","q2":"\\N","q3":"\\N"}
{"qualifyId":"9751","raceId":"1104","driverId":"855","constructorId":"51","number":"24","position":"19","q1":"1:13.523","q2":"\\N","q3":"\\N"}
{"qualifyId":"9752","raceId":"1104","driverId":"815","constructorId":"9","number":"11","position":"20","q1":"1:13.850","q2":"\\N","q3":"\\N"}
